secid,symbol,date,exdate,cp_flag,strike_price,impl_volatility,mid_price,under_price
108105.0,SPQ.VB,2008-09-18,2008-10-18,P,1010000.0,0.454369,4.85,1206.51
108105.0,SPQ.VB,2008-09-19,2008-10-18,P,1010000.0,0.465316,2.45,1255.08
108105.0,SPQ.VB,2008-09-22,2008-10-18,P,1010000.0,0.462833,3.75,1207.09
108105.0,SPQ.VC,2008-09-19,2008-10-18,P,1015000.0,0.460974,2.575,1255.08
108105.0,SPQ.VC,2008-09-22,2008-10-18,P,1015000.0,0.448519,3.6,1207.09
108105.0,SPQ.VD,2008-09-16,2008-10-18,P,1020000.0,0.382034,2.875,1213.6
108105.0,SPQ.VD,2008-09-17,2008-10-18,P,1020000.0,0.423202,9.6,1156.39
108105.0,SPQ.VD,2008-09-18,2008-10-18,P,1020000.0,0.440154,5.1,1206.51
108105.0,SPQ.VD,2008-09-19,2008-10-18,P,1020000.0,0.458075,2.75,1255.08
108105.0,SPQ.VD,2008-09-22,2008-10-18,P,1020000.0,0.456783,4.3,1207.09
108105.0,SPQ.VE,2008-09-16,2008-10-18,P,1025000.0,0.380103,3.125,1213.6
108105.0,SPQ.VE,2008-09-17,2008-10-18,P,1025000.0,0.421589,10.3,1156.39
108105.0,SPQ.VE,2008-09-18,2008-10-18,P,1025000.0,0.432375,5.2,1206.51
108105.0,SPQ.VE,2008-09-19,2008-10-18,P,1025000.0,0.469919,3.425,1255.08
108105.0,SPQ.VE,2008-09-22,2008-10-18,P,1025000.0,0.445176,4.25,1207.09
108105.0,SPQ.VF,2008-09-16,2008-10-18,P,1030000.0,0.383211,3.6,1213.6
108105.0,SPQ.VF,2008-09-17,2008-10-18,P,1030000.0,0.419424,11.0,1156.39
108105.0,SPQ.VF,2008-09-18,2008-10-18,P,1030000.0,0.437413,5.95,1206.51
108105.0,SPQ.VF,2008-09-19,2008-10-18,P,1030000.0,0.460074,3.4,1255.08
108105.0,SPQ.VF,2008-09-22,2008-10-18,P,1030000.0,0.451336,4.95,1207.09
108105.0,SPQ.VH,2008-09-16,2008-10-18,P,1040000.0,0.37879,4.2,1213.6
108105.0,SPQ.VH,2008-09-17,2008-10-18,P,1040000.0,0.414206,12.45,1156.39
108105.0,SPQ.VH,2008-09-18,2008-10-18,P,1040000.0,0.428184,6.55,1206.51
108105.0,SPQ.VH,2008-09-19,2008-10-18,P,1040000.0,0.444655,3.5,1255.08
108105.0,SPQ.VH,2008-09-22,2008-10-18,P,1040000.0,0.445113,5.65,1207.09
108105.0,SPQ.VJ,2008-09-16,2008-10-18,P,1050000.0,0.375559,4.95,1213.6
108105.0,SPQ.VJ,2008-09-17,2008-10-18,P,1050000.0,0.399492,13.25,1156.39
108105.0,SPQ.VJ,2008-09-18,2008-10-18,P,1050000.0,0.421211,7.35,1206.51
108105.0,SPQ.VJ,2008-09-19,2008-10-18,P,1050000.0,0.436814,3.9,1255.08
108105.0,SPQ.VJ,2008-09-22,2008-10-18,P,1050000.0,0.431394,6.05,1207.09
108105.0,SPQ.VL,2008-09-16,2008-10-18,P,1060000.0,0.363216,5.3,1213.6
108105.0,SPQ.VL,2008-09-17,2008-10-18,P,1060000.0,0.402078,15.7,1156.39
108105.0,SPQ.VL,2008-09-18,2008-10-18,P,1060000.0,0.41511,8.3,1206.51
108105.0,SPQ.VL,2008-09-19,2008-10-18,P,1060000.0,0.432507,4.5,1255.08
108105.0,SPQ.VL,2008-09-22,2008-10-18,P,1060000.0,0.432116,7.3,1207.09
108105.0,SPQ.VN,2008-09-16,2008-10-18,P,1070000.0,0.358613,6.15,1213.6
108105.0,SPQ.VN,2008-09-17,2008-10-18,P,1070000.0,0.394028,17.4,1156.39
108105.0,SPQ.VN,2008-09-18,2008-10-18,P,1070000.0,0.409542,9.4,1206.51
108105.0,SPQ.VN,2008-09-19,2008-10-18,P,1070000.0,0.420208,4.8,1255.08
108105.0,SPQ.VN,2008-09-22,2008-10-18,P,1070000.0,0.424278,8.2,1207.09
108105.0,SPQ.VO,2008-09-16,2008-10-18,P,1075000.0,0.356008,6.6,1213.6
108105.0,SPQ.VO,2008-09-17,2008-10-18,P,1075000.0,0.391847,18.5,1156.39
108105.0,SPQ.VO,2008-09-18,2008-10-18,P,1075000.0,0.406787,10.0,1206.51
108105.0,SPQ.VO,2008-09-19,2008-10-18,P,1075000.0,0.412812,4.9,1255.08
108105.0,SPQ.VO,2008-09-22,2008-10-18,P,1075000.0,0.41663,8.45,1207.09
108105.0,SPQ.VP,2008-09-16,2008-10-18,P,1080000.0,0.353701,7.1,1213.6
108105.0,SPQ.VP,2008-09-17,2008-10-18,P,1080000.0,0.388139,19.5,1156.39
108105.0,SPQ.VP,2008-09-18,2008-10-18,P,1080000.0,0.403582,10.6,1206.51
108105.0,SPQ.VP,2008-09-19,2008-10-18,P,1080000.0,0.413326,5.4,1255.08
108105.0,SPQ.VP,2008-09-22,2008-10-18,P,1080000.0,0.415576,9.15,1207.09
108105.0,SPQ.VR,2008-09-16,2008-10-18,P,1090000.0,0.349731,8.25,1213.6
108105.0,SPQ.VR,2008-09-17,2008-10-18,P,1090000.0,0.382078,21.8,1156.39
108105.0,SPQ.VR,2008-09-18,2008-10-18,P,1090000.0,0.409229,12.9,1206.51
108105.0,SPQ.VR,2008-09-19,2008-10-18,P,1090000.0,0.414908,6.55,1255.08
108105.0,SPQ.VR,2008-09-22,2008-10-18,P,1090000.0,0.408791,10.35,1207.09
108105.0,SPQ.VT,2008-09-16,2008-10-18,P,1000000.0,0.396969,2.25,1213.6
108105.0,SPQ.VT,2008-09-17,2008-10-18,P,1000000.0,0.428253,7.1,1156.39
108105.0,SPQ.VT,2008-09-18,2008-10-18,P,1000000.0,0.472895,4.8,1206.51
108105.0,SPQ.VT,2008-09-19,2008-10-18,P,1000000.0,0.484754,2.5,1255.08
108105.0,SPQ.VT,2008-09-22,2008-10-18,P,1000000.0,0.460534,3.0,1207.09
108105.0,SPQ.WB,2008-09-24,2008-11-22,P,1010000.0,0.382026,11.7,1185.87
108105.0,SPQ.WB,2008-09-25,2008-11-22,P,1010000.0,0.373319,8.15,1209.18
108105.0,SPQ.WB,2008-09-26,2008-11-22,P,1010000.0,0.387632,8.65,1213.27
108105.0,SPQ.WB,2008-09-29,2008-11-22,P,1010000.0,0.415393,28.1,1106.42
108105.0,SPQ.WB,2008-09-30,2008-11-22,P,1010000.0,0.412373,15.3,1166.36
108105.0,SPQ.WD,2008-09-24,2008-11-22,P,1020000.0,0.377675,12.9,1185.87
108105.0,SPQ.WD,2008-09-25,2008-11-22,P,1020000.0,0.369073,9.05,1209.18
108105.0,SPQ.WD,2008-09-26,2008-11-22,P,1020000.0,0.385386,9.75,1213.27
108105.0,SPQ.WD,2008-09-29,2008-11-22,P,1020000.0,0.408649,30.3,1106.42
108105.0,SPQ.WD,2008-09-30,2008-11-22,P,1020000.0,0.405938,16.6,1166.36
108105.0,SPQ.WE,2008-09-24,2008-11-22,P,1025000.0,0.377029,13.7,1185.87
108105.0,SPQ.WE,2008-09-25,2008-11-22,P,1025000.0,0.366579,9.5,1209.18
108105.0,SPQ.WE,2008-09-26,2008-11-22,P,1025000.0,0.379824,9.95,1213.27
108105.0,SPQ.WE,2008-09-29,2008-11-22,P,1025000.0,0.405572,31.5,1106.42
108105.0,SPQ.WE,2008-09-30,2008-11-22,P,1025000.0,0.405526,17.6,1166.36
108105.0,SPQ.WF,2008-09-24,2008-11-22,P,1030000.0,0.37326,14.2,1185.87
108105.0,SPQ.WF,2008-09-25,2008-11-22,P,1030000.0,0.364965,10.05,1209.18
108105.0,SPQ.WF,2008-09-26,2008-11-22,P,1030000.0,0.380831,10.75,1213.27
108105.0,SPQ.WF,2008-09-29,2008-11-22,P,1030000.0,0.402197,32.7,1106.42
108105.0,SPQ.WF,2008-09-30,2008-11-22,P,1030000.0,0.40298,18.4,1166.36
108105.0,SPQ.WH,2008-09-24,2008-11-22,P,1040000.0,0.368722,15.6,1185.87
108105.0,SPQ.WH,2008-09-25,2008-11-22,P,1040000.0,0.360374,11.1,1209.18
108105.0,SPQ.WH,2008-09-26,2008-11-22,P,1040000.0,0.376882,11.9,1213.27
108105.0,SPQ.WH,2008-09-29,2008-11-22,P,1040000.0,0.395257,35.2,1106.42
108105.0,SPQ.WH,2008-09-30,2008-11-22,P,1040000.0,0.398748,20.2,1166.36
108105.0,SPQ.WJ,2008-09-24,2008-11-22,P,1050000.0,0.365259,17.25,1185.87
108105.0,SPQ.WJ,2008-09-25,2008-11-22,P,1050000.0,0.356287,12.3,1209.18
108105.0,SPQ.WJ,2008-09-26,2008-11-22,P,1050000.0,0.372398,13.1,1213.27
108105.0,SPQ.WJ,2008-09-29,2008-11-22,P,1050000.0,0.389794,38.1,1106.42
108105.0,SPQ.WJ,2008-09-30,2008-11-22,P,1050000.0,0.394149,22.1,1166.36
108105.0,SPQ.WL,2008-09-24,2008-11-22,P,1060000.0,0.359879,18.8,1185.87
108105.0,SPQ.WL,2008-09-25,2008-11-22,P,1060000.0,0.352997,13.7,1209.18
108105.0,SPQ.WL,2008-09-26,2008-11-22,P,1060000.0,0.367854,14.4,1213.27
108105.0,SPQ.WL,2008-09-29,2008-11-22,P,1060000.0,0.383031,41.0,1106.42
108105.0,SPQ.WL,2008-09-30,2008-11-22,P,1060000.0,0.389164,24.1,1166.36
108105.0,SPQ.WN,2008-09-25,2008-11-22,P,1070000.0,0.347709,15.0,1209.18
108105.0,SPQ.WN,2008-09-26,2008-11-22,P,1070000.0,0.364051,15.9,1213.27
108105.0,SPQ.WN,2008-09-29,2008-11-22,P,1070000.0,0.375626,44.0,1106.42
108105.0,SPQ.WN,2008-09-30,2008-11-22,P,1070000.0,0.384503,26.3,1166.36
108105.0,SPQ.WO,2008-09-24,2008-11-22,P,1075000.0,0.353518,21.6,1185.87
108105.0,SPQ.WO,2008-09-25,2008-11-22,P,1075000.0,0.345966,15.8,1209.18
108105.0,SPQ.WO,2008-09-26,2008-11-22,P,1075000.0,0.361322,16.6,1213.27
108105.0,SPQ.WO,2008-09-29,2008-11-22,P,1075000.0,0.372062,45.6,1106.42
108105.0,SPQ.WO,2008-09-30,2008-11-22,P,1075000.0,0.385299,27.9,1166.36
108105.0,SPQ.WP,2008-09-25,2008-11-22,P,1080000.0,0.343932,16.6,1209.18
108105.0,SPQ.WP,2008-09-26,2008-11-22,P,1080000.0,0.35999,17.5,1213.27
108105.0,SPQ.WP,2008-09-29,2008-11-22,P,1080000.0,0.368783,47.3,1106.42
108105.0,SPQ.WP,2008-09-30,2008-11-22,P,1080000.0,0.380062,28.7,1166.36
108105.0,SPQ.WR,2008-09-24,2008-11-22,P,1090000.0,0.347145,24.75,1185.87
108105.0,SPQ.WR,2008-09-25,2008-11-22,P,1090000.0,0.339813,18.3,1209.18
108105.0,SPQ.WR,2008-09-26,2008-11-22,P,1090000.0,0.35564,19.2,1213.27
108105.0,SPQ.WR,2008-09-29,2008-11-22,P,1090000.0,0.361785,50.8,1106.42
108105.0,SPQ.WR,2008-09-30,2008-11-22,P,1090000.0,0.375077,31.2,1166.36
108105.0,SPQ.WT,2008-09-24,2008-11-22,P,1000000.0,0.387496,10.7,1185.87
108105.0,SPQ.WT,2008-09-25,2008-11-22,P,1000000.0,0.377827,7.35,1209.18
108105.0,SPQ.WT,2008-09-26,2008-11-22,P,1000000.0,0.393875,7.95,1213.27
108105.0,SPQ.WT,2008-09-29,2008-11-22,P,1000000.0,0.421754,26.0,1106.42
108105.0,SPQ.WT,2008-09-30,2008-11-22,P,1000000.0,0.425975,14.8,1166.36
108105.0,SPT.JL,2008-09-17,2008-10-18,C,1160000.0,0.354087,44.7,1156.39
108105.0,SPT.JN,2008-09-17,2008-10-18,C,1170000.0,0.350059,39.65,1156.39
108105.0,SPT.JO,2008-09-17,2008-10-18,C,1175000.0,0.348398,37.3,1156.39
108105.0,SPT.JP,2008-09-17,2008-10-18,C,1180000.0,0.339441,34.1,1156.39
108105.0,SPT.JQ,2008-09-17,2008-10-18,C,1185000.0,0.335971,31.7,1156.39
108105.0,SPT.JR,2008-09-17,2008-10-18,C,1190000.0,0.334145,29.6,1156.39
108105.0,SPT.JS,2008-09-17,2008-10-18,C,1195000.0,0.3308,27.4,1156.39
108105.0,SPT.KD,2008-09-29,2008-11-22,C,1120000.0,0.474226,73.4,1106.42
108105.0,SPT.KE,2008-09-29,2008-11-22,C,1125000.0,0.471638,70.8,1106.42
108105.0,SPT.KH,2008-09-29,2008-11-22,C,1140000.0,0.459683,62.6,1106.42
108105.0,SPT.KI,2008-09-29,2008-11-22,C,1145000.0,0.455892,60.0,1106.42
108105.0,SPT.KJ,2008-09-29,2008-11-22,C,1150000.0,0.449355,57.0,1106.42
108105.0,SPT.KK,2008-09-29,2008-11-22,C,1155000.0,0.447965,54.9,1106.42
108105.0,SPT.KL,2008-09-29,2008-11-22,C,1160000.0,0.443204,52.3,1106.42
108105.0,SPT.KM,2008-09-29,2008-11-22,C,1165000.0,0.439947,50.0,1106.42
108105.0,SPT.KN,2008-09-29,2008-11-22,C,1170000.0,0.436356,47.7,1106.42
108105.0,SPT.KN,2008-09-30,2008-11-22,C,1170000.0,0.353253,60.6,1166.36
108105.0,SPT.KO,2008-09-29,2008-11-22,C,1175000.0,0.437734,46.25,1106.42
108105.0,SPT.KO,2008-09-30,2008-11-22,C,1175000.0,0.346081,57.05,1166.36
108105.0,SPT.KP,2008-09-29,2008-11-22,C,1180000.0,0.430649,43.5,1106.42
108105.0,SPT.KP,2008-09-30,2008-11-22,C,1180000.0,0.348355,55.2,1166.36
108105.0,SPT.KQ,2008-09-29,2008-11-22,C,1185000.0,0.42728,41.4,1106.42
108105.0,SPT.KQ,2008-09-30,2008-11-22,C,1185000.0,0.346508,52.7,1166.36
108105.0,SPT.KR,2008-09-24,2008-11-22,C,1190000.0,0.316235,58.4,1185.87
108105.0,SPT.KR,2008-09-29,2008-11-22,C,1190000.0,0.424196,39.4,1106.42
108105.0,SPT.KR,2008-09-30,2008-11-22,C,1190000.0,0.344287,50.2,1166.36
108105.0,SPT.KS,2008-09-24,2008-11-22,C,1195000.0,0.313628,55.6,1185.87
108105.0,SPT.KS,2008-09-29,2008-11-22,C,1195000.0,0.420101,37.3,1106.42
108105.0,SPT.KS,2008-09-30,2008-11-22,C,1195000.0,0.341687,47.7,1166.36
108105.0,SPT.VA,2008-09-17,2008-10-18,P,1105000.0,0.372167,25.6,1156.39
108105.0,SPT.VA,2008-09-18,2008-10-18,P,1105000.0,0.38718,14.1,1206.51
108105.0,SPT.VA,2008-09-19,2008-10-18,P,1105000.0,0.412609,8.3,1255.08
108105.0,SPT.VA,2008-09-22,2008-10-18,P,1105000.0,0.398271,12.4,1207.09
108105.0,SPT.VB,2008-09-16,2008-10-18,P,1110000.0,0.340143,10.9,1213.6
108105.0,SPT.VB,2008-09-17,2008-10-18,P,1110000.0,0.368935,27.0,1156.39
108105.0,SPT.VB,2008-09-18,2008-10-18,P,1110000.0,0.385852,15.1,1206.51
108105.0,SPT.VB,2008-09-19,2008-10-18,P,1110000.0,0.394656,7.8,1255.08
108105.0,SPT.VB,2008-09-22,2008-10-18,P,1110000.0,0.395197,13.2,1207.09
108105.0,SPT.VC,2008-09-18,2008-10-18,P,1115000.0,0.380827,15.8,1206.51
108105.0,SPT.VC,2008-09-19,2008-10-18,P,1115000.0,0.390268,8.2,1255.08
108105.0,SPT.VC,2008-09-22,2008-10-18,P,1115000.0,0.389256,13.8,1207.09
108105.0,SPT.VD,2008-09-16,2008-10-18,P,1120000.0,0.336,12.55,1213.6
108105.0,SPT.VD,2008-09-17,2008-10-18,P,1120000.0,0.363276,30.1,1156.39
108105.0,SPT.VD,2008-09-18,2008-10-18,P,1120000.0,0.378474,16.8,1206.51
108105.0,SPT.VD,2008-09-19,2008-10-18,P,1120000.0,0.386985,8.7,1255.08
108105.0,SPT.VD,2008-09-22,2008-10-18,P,1120000.0,0.389714,15.0,1207.09
108105.0,SPT.VE,2008-09-16,2008-10-18,P,1125000.0,0.332871,13.35,1213.6
108105.0,SPT.VE,2008-09-17,2008-10-18,P,1125000.0,0.369725,32.9,1156.39
108105.0,SPT.VE,2008-09-18,2008-10-18,P,1125000.0,0.375598,17.8,1206.51
108105.0,SPT.VE,2008-09-19,2008-10-18,P,1125000.0,0.390053,9.7,1255.08
108105.0,SPT.VE,2008-09-22,2008-10-18,P,1125000.0,0.38667,15.95,1207.09
108105.0,SPT.VF,2008-09-16,2008-10-18,P,1130000.0,0.331265,14.35,1213.6
108105.0,SPT.VF,2008-09-17,2008-10-18,P,1130000.0,0.356884,33.4,1156.39
108105.0,SPT.VF,2008-09-18,2008-10-18,P,1130000.0,0.373176,18.9,1206.51
108105.0,SPT.VF,2008-09-19,2008-10-18,P,1130000.0,0.381875,9.9,1255.08
108105.0,SPT.VF,2008-09-22,2008-10-18,P,1130000.0,0.383064,16.9,1207.09
108105.0,SPT.VG,2008-09-17,2008-10-18,P,1135000.0,0.352394,35.0,1156.39
108105.0,SPT.VG,2008-09-18,2008-10-18,P,1135000.0,0.370223,20.0,1206.51
108105.0,SPT.VG,2008-09-19,2008-10-18,P,1135000.0,0.37864,10.5,1255.08
108105.0,SPT.VG,2008-09-22,2008-10-18,P,1135000.0,0.38046,18.0,1207.09
108105.0,SPT.VH,2008-09-16,2008-10-18,P,1140000.0,0.326802,16.4,1213.6
108105.0,SPT.VH,2008-09-17,2008-10-18,P,1140000.0,0.348885,36.8,1156.39
108105.0,SPT.VH,2008-09-18,2008-10-18,P,1140000.0,0.366756,21.1,1206.51
108105.0,SPT.VH,2008-09-19,2008-10-18,P,1140000.0,0.383416,11.8,1255.08
108105.0,SPT.VH,2008-09-22,2008-10-18,P,1140000.0,0.377251,19.1,1207.09
108105.0,SPT.VI,2008-09-16,2008-10-18,P,1145000.0,0.32443,17.5,1213.6
108105.0,SPT.VI,2008-09-17,2008-10-18,P,1145000.0,0.345531,38.7,1156.39
108105.0,SPT.VI,2008-09-18,2008-10-18,P,1145000.0,0.363682,22.3,1206.51
108105.0,SPT.VI,2008-09-19,2008-10-18,P,1145000.0,0.376202,12.15,1255.08
108105.0,SPT.VI,2008-09-22,2008-10-18,P,1145000.0,0.374436,20.3,1207.09
108105.0,SPT.VJ,2008-09-16,2008-10-18,P,1150000.0,0.322827,18.75,1213.6
108105.0,SPT.VJ,2008-09-17,2008-10-18,P,1150000.0,0.352775,42.05,1156.39
108105.0,SPT.VJ,2008-09-18,2008-10-18,P,1150000.0,0.360083,23.5,1206.51
108105.0,SPT.VJ,2008-09-19,2008-10-18,P,1150000.0,0.374982,13.05,1255.08
108105.0,SPT.VJ,2008-09-22,2008-10-18,P,1150000.0,0.368629,21.25,1207.09
108105.0,SPT.VK,2008-09-17,2008-10-18,P,1155000.0,0.339971,42.9,1156.39
108105.0,SPT.VK,2008-09-18,2008-10-18,P,1155000.0,0.349568,23.95,1206.51
108105.0,SPT.VK,2008-09-19,2008-10-18,P,1155000.0,0.373195,13.95,1255.08
108105.0,SPT.VK,2008-09-22,2008-10-18,P,1155000.0,0.367922,22.8,1207.09
108105.0,SPT.VL,2008-09-16,2008-10-18,P,1160000.0,0.316999,21.15,1213.6
108105.0,SPT.VL,2008-09-18,2008-10-18,P,1160000.0,0.353026,26.1,1206.51
108105.0,SPT.VL,2008-09-19,2008-10-18,P,1160000.0,0.364558,14.25,1255.08
108105.0,SPT.VL,2008-09-22,2008-10-18,P,1160000.0,0.364215,24.1,1207.09
108105.0,SPT.VM,2008-09-18,2008-10-18,P,1165000.0,0.351982,27.8,1206.51
108105.0,SPT.VM,2008-09-19,2008-10-18,P,1165000.0,0.360388,15.0,1255.08
108105.0,SPT.VM,2008-09-22,2008-10-18,P,1165000.0,0.361688,25.6,1207.09
108105.0,SPT.VN,2008-09-16,2008-10-18,P,1170000.0,0.312208,23.95,1213.6
108105.0,SPT.VN,2008-09-18,2008-10-18,P,1170000.0,0.346272,29.0,1206.51
108105.0,SPT.VN,2008-09-19,2008-10-18,P,1170000.0,0.356309,15.8,1255.08
108105.0,SPT.VN,2008-09-22,2008-10-18,P,1170000.0,0.358498,27.1,1207.09
108105.0,SPT.VO,2008-09-16,2008-10-18,P,1175000.0,0.312071,25.75,1213.6
108105.0,SPT.VO,2008-09-18,2008-10-18,P,1175000.0,0.345629,30.9,1206.51
108105.0,SPT.VO,2008-09-19,2008-10-18,P,1175000.0,0.360019,17.45,1255.08
108105.0,SPT.VO,2008-09-22,2008-10-18,P,1175000.0,0.355089,28.65,1207.09
108105.0,SPT.VP,2008-09-16,2008-10-18,P,1180000.0,0.306227,26.9,1213.6
108105.0,SPT.VP,2008-09-18,2008-10-18,P,1180000.0,0.34198,32.5,1206.51
108105.0,SPT.VP,2008-09-19,2008-10-18,P,1180000.0,0.358636,18.65,1255.08
108105.0,SPT.VP,2008-09-22,2008-10-18,P,1180000.0,0.351023,30.2,1207.09
108105.0,SPT.VQ,2008-09-16,2008-10-18,P,1185000.0,0.30368,28.55,1213.6
108105.0,SPT.VQ,2008-09-18,2008-10-18,P,1185000.0,0.339296,34.3,1206.51
108105.0,SPT.VQ,2008-09-19,2008-10-18,P,1185000.0,0.34892,19.0,1255.08
108105.0,SPT.VQ,2008-09-22,2008-10-18,P,1185000.0,0.349239,32.1,1207.09
108105.0,SPT.VR,2008-09-16,2008-10-18,P,1190000.0,0.302007,30.4,1213.6
108105.0,SPT.VR,2008-09-18,2008-10-18,P,1190000.0,0.343666,37.1,1206.51
108105.0,SPT.VR,2008-09-19,2008-10-18,P,1190000.0,0.345708,20.1,1255.08
108105.0,SPT.VR,2008-09-22,2008-10-18,P,1190000.0,0.345071,33.8,1207.09
108105.0,SPT.VS,2008-09-16,2008-10-18,P,1195000.0,0.298934,32.15,1213.6
108105.0,SPT.VS,2008-09-18,2008-10-18,P,1195000.0,0.333595,38.1,1206.51
108105.0,SPT.VS,2008-09-19,2008-10-18,P,1195000.0,0.342858,21.3,1255.08
108105.0,SPT.VS,2008-09-22,2008-10-18,P,1195000.0,0.343504,35.9,1207.09
108105.0,SPT.VT,2008-09-16,2008-10-18,P,1100000.0,0.349997,9.9,1213.6
108105.0,SPT.VT,2008-09-17,2008-10-18,P,1100000.0,0.375716,24.3,1156.39
108105.0,SPT.VT,2008-09-18,2008-10-18,P,1100000.0,0.4004,14.2,1206.51
108105.0,SPT.VT,2008-09-19,2008-10-18,P,1100000.0,0.408927,7.4,1255.08
108105.0,SPT.VT,2008-09-22,2008-10-18,P,1100000.0,0.396239,11.25,1207.09
108105.0,SPT.WA,2008-09-24,2008-11-22,P,1105000.0,0.340547,28.25,1185.87
108105.0,SPT.WA,2008-09-25,2008-11-22,P,1105000.0,0.334109,21.2,1209.18
108105.0,SPT.WA,2008-09-26,2008-11-22,P,1105000.0,0.348967,22.0,1213.27
108105.0,SPT.WA,2008-09-29,2008-11-22,P,1105000.0,0.350692,56.4,1106.42
108105.0,SPT.WA,2008-09-30,2008-11-22,P,1105000.0,0.368249,35.4,1166.36
108105.0,SPT.WB,2008-09-24,2008-11-22,P,1110000.0,0.338302,29.5,1185.87
108105.0,SPT.WB,2008-09-25,2008-11-22,P,1110000.0,0.331161,22.1,1209.18
108105.0,SPT.WB,2008-09-26,2008-11-22,P,1110000.0,0.346674,23.0,1213.27
108105.0,SPT.WB,2008-09-30,2008-11-22,P,1110000.0,0.366609,37.0,1166.36
108105.0,SPT.WC,2008-09-24,2008-11-22,P,1115000.0,0.336386,30.85,1185.87
108105.0,SPT.WC,2008-09-25,2008-11-22,P,1115000.0,0.328645,23.1,1209.18
108105.0,SPT.WC,2008-09-26,2008-11-22,P,1115000.0,0.345486,24.2,1213.27
108105.0,SPT.WC,2008-09-30,2008-11-22,P,1115000.0,0.363996,38.5,1166.36
108105.0,SPT.WD,2008-09-24,2008-11-22,P,1120000.0,0.334161,32.2,1185.87
108105.0,SPT.WD,2008-09-25,2008-11-22,P,1120000.0,0.326524,24.2,1209.18
108105.0,SPT.WD,2008-09-26,2008-11-22,P,1120000.0,0.343299,25.3,1213.27
108105.0,SPT.WD,2008-09-30,2008-11-22,P,1120000.0,0.361682,40.1,1166.36
108105.0,SPT.WE,2008-09-24,2008-11-22,P,1125000.0,0.331332,33.5,1185.87
108105.0,SPT.WE,2008-09-25,2008-11-22,P,1125000.0,0.324763,25.4,1209.18
108105.0,SPT.WE,2008-09-26,2008-11-22,P,1125000.0,0.340828,26.4,1213.27
108105.0,SPT.WE,2008-09-30,2008-11-22,P,1125000.0,0.350741,40.35,1166.36
108105.0,SPT.WF,2008-09-24,2008-11-22,P,1130000.0,0.329406,35.0,1185.87
108105.0,SPT.WF,2008-09-25,2008-11-22,P,1130000.0,0.32269,26.6,1209.18
108105.0,SPT.WF,2008-09-26,2008-11-22,P,1130000.0,0.338729,27.6,1213.27
108105.0,SPT.WF,2008-09-30,2008-11-22,P,1130000.0,0.355449,43.2,1166.36
108105.0,SPT.WG,2008-09-24,2008-11-22,P,1135000.0,0.326868,36.45,1185.87
108105.0,SPT.WG,2008-09-25,2008-11-22,P,1135000.0,0.320943,27.9,1209.18
108105.0,SPT.WG,2008-09-26,2008-11-22,P,1135000.0,0.336973,28.9,1213.27
108105.0,SPT.WG,2008-09-30,2008-11-22,P,1135000.0,0.35275,44.9,1166.36
108105.0,SPT.WH,2008-09-24,2008-11-22,P,1140000.0,0.324605,38.0,1185.87
108105.0,SPT.WH,2008-09-25,2008-11-22,P,1140000.0,0.317639,29.0,1209.18
108105.0,SPT.WH,2008-09-26,2008-11-22,P,1140000.0,0.334283,30.1,1213.27
108105.0,SPT.WH,2008-09-30,2008-11-22,P,1140000.0,0.349712,46.6,1166.36
108105.0,SPT.WI,2008-09-24,2008-11-22,P,1145000.0,0.322312,39.6,1185.87
108105.0,SPT.WI,2008-09-25,2008-11-22,P,1145000.0,0.317111,30.6,1209.18
108105.0,SPT.WI,2008-09-26,2008-11-22,P,1145000.0,0.332543,31.5,1213.27
108105.0,SPT.WI,2008-09-30,2008-11-22,P,1145000.0,0.347517,48.5,1166.36
108105.0,SPT.WJ,2008-09-24,2008-11-22,P,1150000.0,0.319698,41.2,1185.87
108105.0,SPT.WJ,2008-09-25,2008-11-22,P,1150000.0,0.313223,31.7,1209.18
108105.0,SPT.WJ,2008-09-26,2008-11-22,P,1150000.0,0.330488,32.9,1213.27
108105.0,SPT.WJ,2008-09-30,2008-11-22,P,1150000.0,0.350545,51.35,1166.36
108105.0,SPT.WL,2008-09-24,2008-11-22,P,1160000.0,0.315739,44.8,1185.87
108105.0,SPT.WL,2008-09-25,2008-11-22,P,1160000.0,0.310474,34.9,1209.18
108105.0,SPT.WL,2008-09-26,2008-11-22,P,1160000.0,0.326049,35.8,1213.27
108105.0,SPT.WL,2008-09-30,2008-11-22,P,1160000.0,0.341109,54.6,1166.36
108105.0,SPT.WM,2008-09-24,2008-11-22,P,1165000.0,0.313254,46.6,1185.87
108105.0,SPT.WM,2008-09-25,2008-11-22,P,1165000.0,0.306866,36.2,1209.18
108105.0,SPT.WM,2008-09-26,2008-11-22,P,1165000.0,0.323658,37.3,1213.27
108105.0,SPT.WM,2008-09-30,2008-11-22,P,1165000.0,0.341812,57.25,1166.36
108105.0,SPT.WN,2008-09-24,2008-11-22,P,1170000.0,0.310981,48.5,1185.87
108105.0,SPT.WN,2008-09-25,2008-11-22,P,1170000.0,0.305797,38.0,1209.18
108105.0,SPT.WN,2008-09-26,2008-11-22,P,1170000.0,0.32153,38.9,1213.27
108105.0,SPT.WO,2008-09-24,2008-11-22,P,1175000.0,0.308363,50.4,1185.87
108105.0,SPT.WO,2008-09-25,2008-11-22,P,1175000.0,0.302133,39.4,1209.18
108105.0,SPT.WO,2008-09-26,2008-11-22,P,1175000.0,0.319647,40.6,1213.27
108105.0,SPT.WP,2008-09-24,2008-11-22,P,1180000.0,0.306212,52.45,1185.87
108105.0,SPT.WP,2008-09-25,2008-11-22,P,1180000.0,0.299824,41.1,1209.18
108105.0,SPT.WP,2008-09-26,2008-11-22,P,1180000.0,0.317435,42.3,1213.27
108105.0,SPT.WQ,2008-09-24,2008-11-22,P,1185000.0,0.304244,54.6,1185.87
108105.0,SPT.WQ,2008-09-25,2008-11-22,P,1185000.0,0.297724,42.9,1209.18
108105.0,SPT.WQ,2008-09-26,2008-11-22,P,1185000.0,0.315451,44.1,1213.27
108105.0,SPT.WR,2008-09-25,2008-11-22,P,1190000.0,0.29745,45.1,1209.18
108105.0,SPT.WR,2008-09-26,2008-11-22,P,1190000.0,0.312033,45.7,1213.27
108105.0,SPT.WS,2008-09-25,2008-11-22,P,1195000.0,0.293557,46.7,1209.18
108105.0,SPT.WS,2008-09-26,2008-11-22,P,1195000.0,0.311025,47.8,1213.27
108105.0,SPT.WT,2008-09-24,2008-11-22,P,1100000.0,0.34249,27.0,1185.87
108105.0,SPT.WT,2008-09-25,2008-11-22,P,1100000.0,0.333859,19.9,1209.18
108105.0,SPT.WT,2008-09-26,2008-11-22,P,1100000.0,0.350606,20.95,1213.27
108105.0,SPT.WT,2008-09-29,2008-11-22,P,1100000.0,0.355169,54.6,1106.42
108105.0,SPT.WT,2008-09-30,2008-11-22,P,1100000.0,0.370848,34.0,1166.36
108105.0,SPX.VE,2008-09-16,2008-10-18,P,825000.0,0.506965,0.175,1213.6
108105.0,SPX.VE,2008-09-17,2008-10-18,P,825000.0,0.566496,0.95,1156.39
108105.0,SPX.VE,2008-09-18,2008-10-18,P,825000.0,0.604211,0.65,1206.51
108105.0,SPX.VE,2008-09-19,2008-10-18,P,825000.0,0.654621,0.55,1255.08
108105.0,SPX.VE,2008-09-22,2008-10-18,P,825000.0,0.627471,0.475,1207.09
108105.0,SPX.VJ,2008-09-22,2008-10-18,P,850000.0,0.546325,0.275,1207.09
108105.0,SPX.VO,2008-09-16,2008-10-18,P,875000.0,0.482698,0.425,1213.6
108105.0,SPX.VO,2008-09-17,2008-10-18,P,875000.0,0.498419,1.225,1156.39
108105.0,SPX.VO,2008-09-18,2008-10-18,P,875000.0,0.568094,1.2,1206.51
108105.0,SPX.VO,2008-09-19,2008-10-18,P,875000.0,0.608022,0.875,1255.08
108105.0,SPX.VO,2008-09-22,2008-10-18,P,875000.0,0.55953,0.625,1207.09
108105.0,SPX.VT,2008-09-16,2008-10-18,P,800000.0,0.543879,0.175,1213.6
108105.0,SPX.VT,2008-09-22,2008-10-18,P,800000.0,0.631373,0.275,1207.09
108105.0,SPX.WJ,2008-09-24,2008-11-22,P,850000.0,0.453767,2.125,1185.87
108105.0,SPX.WJ,2008-09-25,2008-11-22,P,850000.0,0.446327,1.375,1209.18
108105.0,SPX.WJ,2008-09-26,2008-11-22,P,850000.0,0.461026,1.525,1213.27
108105.0,SPX.WJ,2008-09-29,2008-11-22,P,850000.0,0.487345,5.9,1106.42
108105.0,SPX.WJ,2008-09-30,2008-11-22,P,850000.0,0.492005,3.075,1166.36
108105.0,SPX.WL,2008-09-30,2008-11-22,P,860000.0,0.483331,3.3,1166.36
108105.0,SPX.WN,2008-09-29,2008-11-22,P,870000.0,0.502061,8.8,1106.42
108105.0,SPX.WN,2008-09-30,2008-11-22,P,870000.0,0.476235,3.6,1166.36
108105.0,SPX.WO,2008-09-24,2008-11-22,P,875000.0,0.43852,2.7,1185.87
108105.0,SPX.WO,2008-09-25,2008-11-22,P,875000.0,0.428693,1.7,1209.18
108105.0,SPX.WO,2008-09-26,2008-11-22,P,875000.0,0.446979,1.975,1213.27
108105.0,SPX.WO,2008-09-29,2008-11-22,P,875000.0,0.499027,9.2,1106.42
108105.0,SPX.WO,2008-09-30,2008-11-22,P,875000.0,0.47436,3.825,1166.36
108105.0,SPX.WP,2008-09-24,2008-11-22,P,880000.0,0.437449,2.9,1185.87
108105.0,SPX.WP,2008-09-25,2008-11-22,P,880000.0,0.42424,1.75,1209.18
108105.0,SPX.WP,2008-09-26,2008-11-22,P,880000.0,0.445864,2.125,1213.27
108105.0,SPX.WP,2008-09-29,2008-11-22,P,880000.0,0.495759,9.6,1106.42
108105.0,SPX.WP,2008-09-30,2008-11-22,P,880000.0,0.473405,4.1,1166.36
108105.0,SPX.WR,2008-09-29,2008-11-22,P,890000.0,0.489945,10.5,1106.42
108105.0,SPX.WR,2008-09-30,2008-11-22,P,890000.0,0.46708,4.5,1166.36
108105.0,SPX.WT,2008-09-24,2008-11-22,P,800000.0,0.459358,0.9,1185.87
108105.0,SPX.WT,2008-09-25,2008-11-22,P,800000.0,0.474602,0.8,1209.18
108105.0,SPX.WT,2008-09-26,2008-11-22,P,800000.0,0.510109,1.2,1213.27
108105.0,SPX.WT,2008-09-29,2008-11-22,P,800000.0,0.528901,4.0,1106.42
108105.0,SPX.WT,2008-09-30,2008-11-22,P,800000.0,0.510048,1.6,1166.36
108105.0,SPZ.VJ,2008-09-17,2008-10-18,P,750000.0,0.591588,0.225,1156.39
108105.0,SPZ.VJ,2008-09-18,2008-10-18,P,750000.0,0.667379,0.275,1206.51
108105.0,SPZ.VJ,2008-09-22,2008-10-18,P,750000.0,0.677147,0.15,1207.09
108105.0,SPZ.VT,2008-09-17,2008-10-18,P,700000.0,0.638447,0.125,1156.39
108105.0,SPZ.VT,2008-09-18,2008-10-18,P,700000.0,0.748172,0.25,1206.51
108105.0,SPZ.VT,2008-09-19,2008-10-18,P,700000.0,0.755663,0.125,1255.08
108105.0,SPZ.VT,2008-09-22,2008-10-18,P,700000.0,0.754206,0.125,1207.09
108105.0,SPZ.WT,2008-09-29,2008-11-22,P,700000.0,0.582629,1.275,1106.42
108105.0,SPZ.WT,2008-09-30,2008-11-22,P,700000.0,0.603392,0.8,1166.36
108105.0,SXB.VE,2008-09-16,2008-10-18,P,925000.0,0.443438,0.775,1213.6
108105.0,SXB.VE,2008-09-17,2008-10-18,P,925000.0,0.489684,3.125,1156.39
108105.0,SXB.VE,2008-09-18,2008-10-18,P,925000.0,0.507691,1.65,1206.51
108105.0,SXB.VE,2008-09-19,2008-10-18,P,925000.0,0.52684,0.9,1255.08
108105.0,SXB.VE,2008-09-22,2008-10-18,P,925000.0,0.534114,1.4,1207.09
108105.0,SXB.VJ,2008-09-16,2008-10-18,P,950000.0,0.424141,1.05,1213.6
108105.0,SXB.VJ,2008-09-17,2008-10-18,P,950000.0,0.464913,3.95,1156.39
108105.0,SXB.VJ,2008-09-18,2008-10-18,P,950000.0,0.499437,2.475,1206.51
108105.0,SXB.VJ,2008-09-19,2008-10-18,P,950000.0,0.526169,1.5,1255.08
108105.0,SXB.VJ,2008-09-22,2008-10-18,P,950000.0,0.49918,1.6,1207.09
108105.0,SXB.VL,2008-09-19,2008-10-18,P,960000.0,0.509168,1.5,1255.08
108105.0,SXB.VL,2008-09-22,2008-10-18,P,960000.0,0.495433,1.9,1207.09
108105.0,SXB.VN,2008-09-19,2008-10-18,P,970000.0,0.503951,1.725,1255.08
108105.0,SXB.VN,2008-09-22,2008-10-18,P,970000.0,0.499799,2.45,1207.09
108105.0,SXB.VO,2008-09-16,2008-10-18,P,975000.0,0.406158,1.45,1213.6
108105.0,SXB.VO,2008-09-17,2008-10-18,P,975000.0,0.438899,4.95,1156.39
108105.0,SXB.VO,2008-09-18,2008-10-18,P,975000.0,0.48272,3.35,1206.51
108105.0,SXB.VO,2008-09-19,2008-10-18,P,975000.0,0.504892,1.925,1255.08
108105.0,SXB.VO,2008-09-22,2008-10-18,P,975000.0,0.487151,2.375,1207.09
108105.0,SXB.VP,2008-09-19,2008-10-18,P,980000.0,0.493961,1.875,1255.08
108105.0,SXB.VP,2008-09-22,2008-10-18,P,980000.0,0.484168,2.55,1207.09
108105.0,SXB.VR,2008-09-18,2008-10-18,P,990000.0,0.471195,3.95,1206.51
108105.0,SXB.VR,2008-09-19,2008-10-18,P,990000.0,0.487606,2.125,1255.08
108105.0,SXB.VR,2008-09-22,2008-10-18,P,990000.0,0.467446,2.625,1207.09
108105.0,SXB.VT,2008-09-16,2008-10-18,P,900000.0,0.460407,0.55,1213.6
108105.0,SXB.VT,2008-09-17,2008-10-18,P,900000.0,0.503193,2.2,1156.39
108105.0,SXB.VT,2008-09-18,2008-10-18,P,900000.0,0.546405,1.55,1206.51
108105.0,SXB.VT,2008-09-19,2008-10-18,P,900000.0,0.568164,0.9,1255.08
108105.0,SXB.VT,2008-09-22,2008-10-18,P,900000.0,0.553662,1.025,1207.09
108105.0,SXB.WD,2008-09-30,2008-11-22,P,920000.0,0.453,6.2,1166.36
108105.0,SXB.WE,2008-09-24,2008-11-22,P,925000.0,0.417804,4.8,1185.87
108105.0,SXB.WE,2008-09-25,2008-11-22,P,925000.0,0.408586,3.15,1209.18
108105.0,SXB.WE,2008-09-26,2008-11-22,P,925000.0,0.426025,3.55,1213.27
108105.0,SXB.WE,2008-09-29,2008-11-22,P,925000.0,0.466659,14.0,1106.42
108105.0,SXB.WE,2008-09-30,2008-11-22,P,925000.0,0.455178,6.8,1166.36
108105.0,SXB.WF,2008-09-30,2008-11-22,P,930000.0,0.448629,6.9,1166.36
108105.0,SXB.WH,2008-09-30,2008-11-22,P,940000.0,0.441685,7.5,1166.36
108105.0,SXB.WJ,2008-09-24,2008-11-22,P,950000.0,0.411218,6.55,1185.87
108105.0,SXB.WJ,2008-09-25,2008-11-22,P,950000.0,0.407949,4.7,1209.18
108105.0,SXB.WJ,2008-09-26,2008-11-22,P,950000.0,0.419533,4.9,1213.27
108105.0,SXB.WJ,2008-09-29,2008-11-22,P,950000.0,0.45081,17.2,1106.42
108105.0,SXB.WJ,2008-09-30,2008-11-22,P,950000.0,0.444696,8.85,1166.36
108105.0,SXB.WL,2008-09-24,2008-11-22,P,960000.0,0.405162,7.15,1185.87
108105.0,SXB.WL,2008-09-25,2008-11-22,P,960000.0,0.394729,4.75,1209.18
108105.0,SXB.WL,2008-09-26,2008-11-22,P,960000.0,0.411601,5.25,1213.27
108105.0,SXB.WL,2008-09-29,2008-11-22,P,960000.0,0.445824,18.8,1106.42
108105.0,SXB.WL,2008-09-30,2008-11-22,P,960000.0,0.435139,9.4,1166.36
108105.0,SXB.WN,2008-09-24,2008-11-22,P,970000.0,0.401126,7.95,1185.87
108105.0,SXB.WN,2008-09-25,2008-11-22,P,970000.0,0.391229,5.35,1209.18
108105.0,SXB.WN,2008-09-26,2008-11-22,P,970000.0,0.407438,5.85,1213.27
108105.0,SXB.WN,2008-09-29,2008-11-22,P,970000.0,0.439724,20.4,1106.42
108105.0,SXB.WN,2008-09-30,2008-11-22,P,970000.0,0.430735,10.4,1166.36
108105.0,SXB.WO,2008-09-24,2008-11-22,P,975000.0,0.398734,8.35,1185.87
108105.0,SXB.WO,2008-09-25,2008-11-22,P,975000.0,0.389082,5.65,1209.18
108105.0,SXB.WO,2008-09-26,2008-11-22,P,975000.0,0.405001,6.15,1213.27
108105.0,SXB.WO,2008-09-29,2008-11-22,P,975000.0,0.417707,19.1,1106.42
108105.0,SXB.WO,2008-09-30,2008-11-22,P,975000.0,0.428128,10.9,1166.36
108105.0,SXB.WP,2008-09-24,2008-11-22,P,980000.0,0.396113,8.75,1185.87
108105.0,SXB.WP,2008-09-25,2008-11-22,P,980000.0,0.386698,5.95,1209.18
108105.0,SXB.WP,2008-09-26,2008-11-22,P,980000.0,0.402348,6.45,1213.27
108105.0,SXB.WP,2008-09-29,2008-11-22,P,980000.0,0.432591,22.0,1106.42
108105.0,SXB.WP,2008-09-30,2008-11-22,P,980000.0,0.426438,11.5,1166.36
108105.0,SXB.WR,2008-09-24,2008-11-22,P,990000.0,0.392613,9.75,1185.87
108105.0,SXB.WR,2008-09-25,2008-11-22,P,990000.0,0.382752,6.65,1209.18
108105.0,SXB.WR,2008-09-26,2008-11-22,P,990000.0,0.397891,7.15,1213.27
108105.0,SXB.WR,2008-09-29,2008-11-22,P,990000.0,0.426945,23.9,1106.42
108105.0,SXB.WR,2008-09-30,2008-11-22,P,990000.0,0.422155,12.7,1166.36
108105.0,SXB.WT,2008-09-24,2008-11-22,P,900000.0,0.429534,3.675,1185.87
108105.0,SXB.WT,2008-09-25,2008-11-22,P,900000.0,0.425653,2.55,1209.18
108105.0,SXB.WT,2008-09-26,2008-11-22,P,900000.0,0.44355,2.9,1213.27
108105.0,SXB.WT,2008-09-29,2008-11-22,P,900000.0,0.483186,11.4,1106.42
108105.0,SXB.WT,2008-09-30,2008-11-22,P,900000.0,0.465177,5.15,1166.36
108105.0,SXM.JJ,2008-09-19,2008-10-18,C,1550000.0,0.274434,0.075,1255.08
108105.0,SXM.JT,2008-09-22,2008-10-18,C,1500000.0,0.308471,0.1,1207.09
108105.0,SXY.JA,2008-09-16,2008-10-18,C,1305000.0,0.251941,7.6,1213.6
108105.0,SXY.JA,2008-09-17,2008-10-18,C,1305000.0,0.279995,2.7,1156.39
108105.0,SXY.JA,2008-09-18,2008-10-18,C,1305000.0,0.239174,4.95,1206.51
108105.0,SXY.JA,2008-09-19,2008-10-18,C,1305000.0,0.246525,15.2,1255.08
108105.0,SXY.JA,2008-09-22,2008-10-18,C,1305000.0,0.279496,6.45,1207.09
108105.0,SXY.JB,2008-09-16,2008-10-18,C,1310000.0,0.246716,6.45,1213.6
108105.0,SXY.JB,2008-09-17,2008-10-18,C,1310000.0,0.282011,2.5,1156.39
108105.0,SXY.JB,2008-09-18,2008-10-18,C,1310000.0,0.236765,4.25,1206.51
108105.0,SXY.JB,2008-09-19,2008-10-18,C,1310000.0,0.249306,14.2,1255.08
108105.0,SXY.JB,2008-09-22,2008-10-18,C,1310000.0,0.276307,5.6,1207.09
108105.0,SXY.JC,2008-09-16,2008-10-18,C,1315000.0,0.247894,5.9,1213.6
108105.0,SXY.JC,2008-09-17,2008-10-18,C,1315000.0,0.271269,1.85,1156.39
108105.0,SXY.JC,2008-09-18,2008-10-18,C,1315000.0,0.237291,3.8,1206.51
108105.0,SXY.JC,2008-09-19,2008-10-18,C,1315000.0,0.247839,12.8,1255.08
108105.0,SXY.JC,2008-09-22,2008-10-18,C,1315000.0,0.273406,4.85,1207.09
108105.0,SXY.JD,2008-09-16,2008-10-18,C,1320000.0,0.240726,4.8,1213.6
108105.0,SXY.JD,2008-09-17,2008-10-18,C,1320000.0,0.27981,1.925,1156.39
108105.0,SXY.JD,2008-09-18,2008-10-18,C,1320000.0,0.229634,2.95,1206.51
108105.0,SXY.JD,2008-09-19,2008-10-18,C,1320000.0,0.244015,11.25,1255.08
108105.0,SXY.JD,2008-09-22,2008-10-18,C,1320000.0,0.272678,4.3,1207.09
108105.0,SXY.JE,2008-09-16,2008-10-18,C,1325000.0,0.24314,4.45,1213.6
108105.0,SXY.JE,2008-09-17,2008-10-18,C,1325000.0,0.279288,1.7,1156.39
108105.0,SXY.JE,2008-09-18,2008-10-18,C,1325000.0,0.232912,2.75,1206.51
108105.0,SXY.JE,2008-09-19,2008-10-18,C,1325000.0,0.237983,9.6,1255.08
108105.0,SXY.JE,2008-09-22,2008-10-18,C,1325000.0,0.269092,3.65,1207.09
108105.0,SXY.JF,2008-09-16,2008-10-18,C,1330000.0,0.242686,3.95,1213.6
108105.0,SXY.JF,2008-09-17,2008-10-18,C,1330000.0,0.279687,1.525,1156.39
108105.0,SXY.JF,2008-09-18,2008-10-18,C,1330000.0,0.231467,2.35,1206.51
108105.0,SXY.JF,2008-09-19,2008-10-18,C,1330000.0,0.23627,8.5,1255.08
108105.0,SXY.JF,2008-09-22,2008-10-18,C,1330000.0,0.272175,3.4,1207.09
108105.0,SXY.JG,2008-09-16,2008-10-18,C,1335000.0,0.240516,3.4,1213.6
108105.0,SXY.JG,2008-09-17,2008-10-18,C,1335000.0,0.258311,0.85,1156.39
108105.0,SXY.JG,2008-09-18,2008-10-18,C,1335000.0,0.223697,1.75,1206.51
108105.0,SXY.JG,2008-09-19,2008-10-18,C,1335000.0,0.23407,7.45,1255.08
108105.0,SXY.JG,2008-09-22,2008-10-18,C,1335000.0,0.268348,2.85,1207.09
108105.0,SXY.JH,2008-09-16,2008-10-18,C,1340000.0,0.239601,2.975,1213.6
108105.0,SXY.JH,2008-09-17,2008-10-18,C,1340000.0,0.278505,1.175,1156.39
108105.0,SXY.JH,2008-09-18,2008-10-18,C,1340000.0,0.224643,1.55,1206.51
108105.0,SXY.JH,2008-09-19,2008-10-18,C,1340000.0,0.230121,6.35,1255.08
108105.0,SXY.JH,2008-09-22,2008-10-18,C,1340000.0,0.265317,2.4,1207.09
108105.0,SXY.JI,2008-09-16,2008-10-18,C,1345000.0,0.237751,2.55,1213.6
108105.0,SXY.JI,2008-09-17,2008-10-18,C,1345000.0,0.280005,1.075,1156.39
108105.0,SXY.JI,2008-09-18,2008-10-18,C,1345000.0,0.226465,1.4,1206.51
108105.0,SXY.JI,2008-09-19,2008-10-18,C,1345000.0,0.230569,5.7,1255.08
108105.0,SXY.JI,2008-09-22,2008-10-18,C,1345000.0,0.260738,1.95,1207.09
108105.0,SXY.JJ,2008-09-16,2008-10-18,C,1350000.0,0.231139,1.975,1213.6
108105.0,SXY.JJ,2008-09-17,2008-10-18,C,1350000.0,0.272327,0.8,1156.39
108105.0,SXY.JJ,2008-09-18,2008-10-18,C,1350000.0,0.233462,1.425,1206.51
108105.0,SXY.JJ,2008-09-19,2008-10-18,C,1350000.0,0.22744,4.85,1255.08
108105.0,SXY.JJ,2008-09-22,2008-10-18,C,1350000.0,0.268459,1.975,1207.09
108105.0,SXY.JK,2008-09-16,2008-10-18,C,1355000.0,0.23093,1.725,1213.6
108105.0,SXY.JK,2008-09-17,2008-10-18,C,1355000.0,0.270624,0.675,1156.39
108105.0,SXY.JK,2008-09-18,2008-10-18,C,1355000.0,0.222682,0.95,1206.51
108105.0,SXY.JK,2008-09-19,2008-10-18,C,1355000.0,0.231876,4.6,1255.08
108105.0,SXY.JK,2008-09-22,2008-10-18,C,1355000.0,0.264042,1.6,1207.09
108105.0,SXY.JL,2008-09-16,2008-10-18,C,1360000.0,0.232819,1.575,1213.6
108105.0,SXY.JL,2008-09-17,2008-10-18,C,1360000.0,0.274367,0.65,1156.39
108105.0,SXY.JL,2008-09-18,2008-10-18,C,1360000.0,0.225329,0.875,1206.51
108105.0,SXY.JL,2008-09-19,2008-10-18,C,1360000.0,0.232143,4.1,1255.08
108105.0,SXY.JL,2008-09-22,2008-10-18,C,1360000.0,0.266563,1.475,1207.09
108105.0,SXY.JM,2008-09-16,2008-10-18,C,1365000.0,0.232707,1.375,1213.6
108105.0,SXY.JM,2008-09-17,2008-10-18,C,1365000.0,0.277991,0.625,1156.39
108105.0,SXY.JM,2008-09-18,2008-10-18,C,1365000.0,0.228797,0.825,1206.51
108105.0,SXY.JM,2008-09-19,2008-10-18,C,1365000.0,0.227324,3.35,1255.08
108105.0,SXY.JM,2008-09-22,2008-10-18,C,1365000.0,0.266819,1.3,1207.09
108105.0,SXY.JN,2008-09-16,2008-10-18,C,1370000.0,0.231793,1.175,1213.6
108105.0,SXY.JN,2008-09-17,2008-10-18,C,1370000.0,0.281494,0.6,1156.39
108105.0,SXY.JN,2008-09-18,2008-10-18,C,1370000.0,0.232054,0.775,1206.51
108105.0,SXY.JN,2008-09-19,2008-10-18,C,1370000.0,0.224946,2.825,1255.08
108105.0,SXY.JN,2008-09-22,2008-10-18,C,1370000.0,0.265239,1.1,1207.09
108105.0,SXY.JO,2008-09-16,2008-10-18,C,1375000.0,0.224648,0.85,1213.6
108105.0,SXY.JO,2008-09-17,2008-10-18,C,1375000.0,0.273188,0.425,1156.39
108105.0,SXY.JO,2008-09-18,2008-10-18,C,1375000.0,0.22972,0.625,1206.51
108105.0,SXY.JO,2008-09-19,2008-10-18,C,1375000.0,0.22279,2.375,1255.08
108105.0,SXY.JO,2008-09-22,2008-10-18,C,1375000.0,0.2636,0.925,1207.09
108105.0,SXY.JP,2008-09-16,2008-10-18,C,1380000.0,0.23005,0.85,1213.6
108105.0,SXY.JP,2008-09-17,2008-10-18,C,1380000.0,0.286247,0.525,1156.39
108105.0,SXY.JP,2008-09-18,2008-10-18,C,1380000.0,0.230618,0.55,1206.51
108105.0,SXY.JP,2008-09-19,2008-10-18,C,1380000.0,0.223406,2.1,1255.08
108105.0,SXY.JP,2008-09-22,2008-10-18,C,1380000.0,0.26336,0.8,1207.09
108105.0,SXY.JQ,2008-09-16,2008-10-18,C,1385000.0,0.22949,0.725,1213.6
108105.0,SXY.JQ,2008-09-17,2008-10-18,C,1385000.0,0.289274,0.5,1156.39
108105.0,SXY.JQ,2008-09-18,2008-10-18,C,1385000.0,0.243262,0.675,1206.51
108105.0,SXY.JQ,2008-09-19,2008-10-18,C,1385000.0,0.223905,1.85,1255.08
108105.0,SXY.JQ,2008-09-22,2008-10-18,C,1385000.0,0.257557,0.6,1207.09
108105.0,SXY.JR,2008-09-16,2008-10-18,C,1390000.0,0.230785,0.65,1213.6
108105.0,SXY.JR,2008-09-17,2008-10-18,C,1390000.0,0.294204,0.5,1156.39
108105.0,SXY.JR,2008-09-18,2008-10-18,C,1390000.0,0.241095,0.55,1206.51
108105.0,SXY.JR,2008-09-19,2008-10-18,C,1390000.0,0.223638,1.6,1255.08
108105.0,SXY.JR,2008-09-22,2008-10-18,C,1390000.0,0.263251,0.6,1207.09
108105.0,SXY.JS,2008-09-16,2008-10-18,C,1395000.0,0.230095,0.55,1213.6
108105.0,SXY.JS,2008-09-17,2008-10-18,C,1395000.0,0.301112,0.525,1156.39
108105.0,SXY.JS,2008-09-18,2008-10-18,C,1395000.0,0.244623,0.525,1206.51
108105.0,SXY.JS,2008-09-19,2008-10-18,C,1395000.0,0.229178,1.575,1255.08
108105.0,SXY.JS,2008-09-22,2008-10-18,C,1395000.0,0.268906,0.6,1207.09
108105.0,SXY.JT,2008-09-16,2008-10-18,C,1300000.0,0.249931,8.2,1213.6
108105.0,SXY.JT,2008-09-17,2008-10-18,C,1300000.0,0.27977,3.0,1156.39
108105.0,SXY.JT,2008-09-18,2008-10-18,C,1300000.0,0.235786,5.3,1206.51
108105.0,SXY.JT,2008-09-19,2008-10-18,C,1300000.0,0.246006,16.55,1255.08
108105.0,SXY.JT,2008-09-22,2008-10-18,C,1300000.0,0.276272,6.9,1207.09
108105.0,SXY.KA,2008-09-24,2008-11-22,C,1305000.0,0.264445,13.2,1185.87
108105.0,SXY.KA,2008-09-25,2008-11-22,C,1305000.0,0.260277,17.5,1209.18
108105.0,SXY.KA,2008-09-26,2008-11-22,C,1305000.0,0.270518,19.7,1213.27
108105.0,SXY.KA,2008-09-29,2008-11-22,C,1305000.0,0.363693,9.4,1106.42
108105.0,SXY.KA,2008-09-30,2008-11-22,C,1305000.0,0.292509,11.0,1166.36
108105.0,SXY.KB,2008-09-24,2008-11-22,C,1310000.0,0.263938,12.3,1185.87
108105.0,SXY.KB,2008-09-25,2008-11-22,C,1310000.0,0.258659,16.2,1209.18
108105.0,SXY.KB,2008-09-26,2008-11-22,C,1310000.0,0.268783,18.3,1213.27
108105.0,SXY.KB,2008-09-29,2008-11-22,C,1310000.0,0.361419,8.7,1106.42
108105.0,SXY.KB,2008-09-30,2008-11-22,C,1310000.0,0.290582,10.1,1166.36
108105.0,SXY.KC,2008-09-24,2008-11-22,C,1315000.0,0.262213,11.3,1185.87
108105.0,SXY.KC,2008-09-25,2008-11-22,C,1315000.0,0.256565,14.9,1209.18
108105.0,SXY.KC,2008-09-26,2008-11-22,C,1315000.0,0.267269,17.0,1213.27
108105.0,SXY.KC,2008-09-29,2008-11-22,C,1315000.0,0.36112,8.2,1106.42
108105.0,SXY.KC,2008-09-30,2008-11-22,C,1315000.0,0.289115,9.3,1166.36
108105.0,SXY.KD,2008-09-24,2008-11-22,C,1320000.0,0.261692,10.5,1185.87
108105.0,SXY.KD,2008-09-25,2008-11-22,C,1320000.0,0.255422,13.8,1209.18
108105.0,SXY.KD,2008-09-26,2008-11-22,C,1320000.0,0.265299,15.7,1213.27
108105.0,SXY.KD,2008-09-29,2008-11-22,C,1320000.0,0.357972,7.5,1106.42
108105.0,SXY.KD,2008-09-30,2008-11-22,C,1320000.0,0.287151,8.5,1166.36
108105.0,SXY.KE,2008-09-24,2008-11-22,C,1325000.0,0.260324,9.65,1185.87
108105.0,SXY.KE,2008-09-25,2008-11-22,C,1325000.0,0.253064,12.6,1209.18
108105.0,SXY.KE,2008-09-26,2008-11-22,C,1325000.0,0.263566,14.5,1213.27
108105.0,SXY.KE,2008-09-29,2008-11-22,C,1325000.0,0.358248,7.1,1106.42
108105.0,SXY.KE,2008-09-30,2008-11-22,C,1325000.0,0.2819,7.45,1166.36
108105.0,SXY.KF,2008-09-24,2008-11-22,C,1330000.0,0.260325,9.0,1185.87
108105.0,SXY.KF,2008-09-25,2008-11-22,C,1330000.0,0.25173,11.6,1209.18
108105.0,SXY.KF,2008-09-26,2008-11-22,C,1330000.0,0.262103,13.4,1213.27
108105.0,SXY.KF,2008-09-29,2008-11-22,C,1330000.0,0.342588,5.6,1106.42
108105.0,SXY.KF,2008-09-30,2008-11-22,C,1330000.0,0.284923,7.2,1166.36
108105.0,SXY.KG,2008-09-24,2008-11-22,C,1335000.0,0.256584,8.0,1185.87
108105.0,SXY.KG,2008-09-25,2008-11-22,C,1335000.0,0.250325,10.65,1209.18
108105.0,SXY.KG,2008-09-26,2008-11-22,C,1335000.0,0.260169,12.3,1213.27
108105.0,SXY.KG,2008-09-29,2008-11-22,C,1335000.0,0.35367,6.0,1106.42
108105.0,SXY.KG,2008-09-30,2008-11-22,C,1335000.0,0.282489,6.5,1166.36
108105.0,SXY.KH,2008-09-24,2008-11-22,C,1340000.0,0.254141,7.2,1185.87
108105.0,SXY.KH,2008-09-25,2008-11-22,C,1340000.0,0.247997,9.65,1209.18
108105.0,SXY.KH,2008-09-26,2008-11-22,C,1340000.0,0.258533,11.3,1213.27
108105.0,SXY.KH,2008-09-29,2008-11-22,C,1340000.0,0.351382,5.5,1106.42
108105.0,SXY.KH,2008-09-30,2008-11-22,C,1340000.0,0.280687,5.9,1166.36
108105.0,SXY.KI,2008-09-24,2008-11-22,C,1345000.0,0.253244,6.6,1185.87
108105.0,SXY.KI,2008-09-25,2008-11-22,C,1345000.0,0.245979,8.75,1209.18
108105.0,SXY.KI,2008-09-26,2008-11-22,C,1345000.0,0.257667,10.45,1213.27
108105.0,SXY.KI,2008-09-29,2008-11-22,C,1345000.0,0.350191,5.1,1106.42
108105.0,SXY.KI,2008-09-30,2008-11-22,C,1345000.0,0.280975,5.5,1166.36
108105.0,SXY.KJ,2008-09-24,2008-11-22,C,1350000.0,0.251891,6.0,1185.87
108105.0,SXY.KJ,2008-09-25,2008-11-22,C,1350000.0,0.24243,7.75,1209.18
108105.0,SXY.KJ,2008-09-26,2008-11-22,C,1350000.0,0.255923,9.55,1213.27
108105.0,SXY.KJ,2008-09-29,2008-11-22,C,1350000.0,0.351103,4.85,1106.42
108105.0,SXY.KJ,2008-09-30,2008-11-22,C,1350000.0,0.278136,4.9,1166.36
108105.0,SXY.KK,2008-09-24,2008-11-22,C,1355000.0,0.25242,5.6,1185.87
108105.0,SXY.KK,2008-09-25,2008-11-22,C,1355000.0,0.243147,7.25,1209.18
108105.0,SXY.KK,2008-09-26,2008-11-22,C,1355000.0,0.253655,8.65,1213.27
108105.0,SXY.KK,2008-09-29,2008-11-22,C,1355000.0,0.346568,4.3,1106.42
108105.0,SXY.KK,2008-09-30,2008-11-22,C,1355000.0,0.276074,4.4,1166.36
108105.0,SXY.KL,2008-09-24,2008-11-22,C,1360000.0,0.248857,4.9,1185.87
108105.0,SXY.KL,2008-09-25,2008-11-22,C,1360000.0,0.241455,6.55,1209.18
108105.0,SXY.KL,2008-09-26,2008-11-22,C,1360000.0,0.252744,7.95,1213.27
108105.0,SXY.KL,2008-09-29,2008-11-22,C,1360000.0,0.344974,3.95,1106.42
108105.0,SXY.KL,2008-09-30,2008-11-22,C,1360000.0,0.27498,4.0,1166.36
108105.0,SXY.KM,2008-09-24,2008-11-22,C,1365000.0,0.248539,4.5,1185.87
108105.0,SXY.KM,2008-09-25,2008-11-22,C,1365000.0,0.239196,5.85,1209.18
108105.0,SXY.KM,2008-09-26,2008-11-22,C,1365000.0,0.251378,7.25,1213.27
108105.0,SXY.KM,2008-09-29,2008-11-22,C,1365000.0,0.340926,3.5,1106.42
108105.0,SXY.KM,2008-09-30,2008-11-22,C,1365000.0,0.273806,3.625,1166.36
108105.0,SXY.KN,2008-09-24,2008-11-22,C,1370000.0,0.244934,3.9,1185.87
108105.0,SXY.KN,2008-09-25,2008-11-22,C,1370000.0,0.238652,5.35,1209.18
108105.0,SXY.KN,2008-09-26,2008-11-22,C,1370000.0,0.249505,6.55,1213.27
108105.0,SXY.KN,2008-09-29,2008-11-22,C,1370000.0,0.333844,2.95,1106.42
108105.0,SXY.KN,2008-09-30,2008-11-22,C,1370000.0,0.273013,3.3,1166.36
108105.0,SXY.KO,2008-09-24,2008-11-22,C,1375000.0,0.243573,3.5,1185.87
108105.0,SXY.KO,2008-09-25,2008-11-22,C,1375000.0,0.236413,4.75,1209.18
108105.0,SXY.KO,2008-09-26,2008-11-22,C,1375000.0,0.248193,5.95,1213.27
108105.0,SXY.KO,2008-09-29,2008-11-22,C,1375000.0,0.334902,2.8,1106.42
108105.0,SXY.KO,2008-09-30,2008-11-22,C,1375000.0,0.262751,2.525,1166.36
108105.0,SXY.KP,2008-09-24,2008-11-22,C,1380000.0,0.245784,3.35,1185.87
108105.0,SXY.KP,2008-09-25,2008-11-22,C,1380000.0,0.234842,4.25,1209.18
108105.0,SXY.KP,2008-09-26,2008-11-22,C,1380000.0,0.246365,5.35,1213.27
108105.0,SXY.KP,2008-09-30,2008-11-22,C,1380000.0,0.26839,2.575,1166.36
108105.0,SXY.KQ,2008-09-24,2008-11-22,C,1385000.0,0.246156,3.1,1185.87
108105.0,SXY.KQ,2008-09-25,2008-11-22,C,1385000.0,0.235533,3.95,1209.18
108105.0,SXY.KQ,2008-09-26,2008-11-22,C,1385000.0,0.246494,4.95,1213.27
108105.0,SXY.KQ,2008-09-30,2008-11-22,C,1385000.0,0.270271,2.45,1166.36
108105.0,SXY.KR,2008-09-24,2008-11-22,C,1390000.0,0.239677,2.5,1185.87
108105.0,SXY.KR,2008-09-25,2008-11-22,C,1390000.0,0.234424,3.55,1209.18
108105.0,SXY.KR,2008-09-26,2008-11-22,C,1390000.0,0.244932,4.45,1213.27
108105.0,SXY.KR,2008-09-29,2008-11-22,C,1390000.0,0.340732,2.5,1106.42
108105.0,SXY.KR,2008-09-30,2008-11-22,C,1390000.0,0.267928,2.15,1166.36
108105.0,SXY.KS,2008-09-24,2008-11-22,C,1395000.0,0.244954,2.55,1185.87
108105.0,SXY.KS,2008-09-25,2008-11-22,C,1395000.0,0.232782,3.15,1209.18
108105.0,SXY.KS,2008-09-26,2008-11-22,C,1395000.0,0.244232,4.05,1213.27
108105.0,SXY.KS,2008-09-29,2008-11-22,C,1395000.0,0.355984,2.95,1106.42
108105.0,SXY.KS,2008-09-30,2008-11-22,C,1395000.0,0.266123,1.9,1166.36
108105.0,SXY.KT,2008-09-24,2008-11-22,C,1300000.0,0.265684,14.25,1185.87
108105.0,SXY.KT,2008-09-25,2008-11-22,C,1300000.0,0.262101,18.9,1209.18
108105.0,SXY.KT,2008-09-26,2008-11-22,C,1300000.0,0.272451,21.2,1213.27
108105.0,SXY.KT,2008-09-29,2008-11-22,C,1300000.0,0.358935,9.5,1106.42
108105.0,SXY.KT,2008-09-30,2008-11-22,C,1300000.0,0.288208,11.25,1166.36
108105.0,SXZ.JA,2008-09-16,2008-10-18,C,1405000.0,0.23145,0.425,1213.6
108105.0,SXZ.JA,2008-09-17,2008-10-18,C,1405000.0,0.306691,0.475,1156.39
108105.0,SXZ.JA,2008-09-18,2008-10-18,C,1405000.0,0.253075,0.5,1206.51
108105.0,SXZ.JA,2008-09-19,2008-10-18,C,1405000.0,0.220193,0.95,1255.08
108105.0,SXZ.JA,2008-09-22,2008-10-18,C,1405000.0,0.259847,0.35,1207.09
108105.0,SXZ.JB,2008-09-16,2008-10-18,C,1410000.0,0.223083,0.275,1213.6
108105.0,SXZ.JB,2008-09-17,2008-10-18,C,1410000.0,0.2906,0.275,1156.39
108105.0,SXZ.JB,2008-09-18,2008-10-18,C,1410000.0,0.256257,0.475,1206.51
108105.0,SXZ.JB,2008-09-19,2008-10-18,C,1410000.0,0.222774,0.875,1255.08
108105.0,SXZ.JB,2008-09-22,2008-10-18,C,1410000.0,0.259843,0.3,1207.09
108105.0,SXZ.JC,2008-09-16,2008-10-18,C,1415000.0,0.232557,0.325,1213.6
108105.0,SXZ.JC,2008-09-17,2008-10-18,C,1415000.0,0.31624,0.475,1156.39
108105.0,SXZ.JC,2008-09-18,2008-10-18,C,1415000.0,0.261229,0.475,1206.51
108105.0,SXZ.JC,2008-09-19,2008-10-18,C,1415000.0,0.227283,0.85,1255.08
108105.0,SXZ.JC,2008-09-22,2008-10-18,C,1415000.0,0.291148,0.6,1207.09
108105.0,SXZ.JD,2008-09-16,2008-10-18,C,1420000.0,0.232179,0.275,1213.6
108105.0,SXZ.JD,2008-09-17,2008-10-18,C,1420000.0,0.325302,0.525,1156.39
108105.0,SXZ.JD,2008-09-19,2008-10-18,C,1420000.0,0.230533,0.8,1255.08
108105.0,SXZ.JD,2008-09-22,2008-10-18,C,1420000.0,0.296619,0.6,1207.09
108105.0,SXZ.JE,2008-09-16,2008-10-18,C,1425000.0,0.224209,0.175,1213.6
108105.0,SXZ.JE,2008-09-17,2008-10-18,C,1425000.0,0.28386,0.15,1156.39
108105.0,SXZ.JE,2008-09-18,2008-10-18,C,1425000.0,0.239176,0.175,1206.51
108105.0,SXZ.JE,2008-09-19,2008-10-18,C,1425000.0,0.224175,0.575,1255.08
108105.0,SXZ.JE,2008-09-22,2008-10-18,C,1425000.0,0.302055,0.6,1207.09
108105.0,SXZ.JF,2008-09-16,2008-10-18,C,1430000.0,0.235334,0.225,1213.6
108105.0,SXZ.JF,2008-09-17,2008-10-18,C,1430000.0,0.32803,0.45,1156.39
108105.0,SXZ.JF,2008-09-19,2008-10-18,C,1430000.0,0.233695,0.65,1255.08
108105.0,SXZ.JF,2008-09-22,2008-10-18,C,1430000.0,0.270478,0.225,1207.09
108105.0,SXZ.JG,2008-09-16,2008-10-18,C,1435000.0,0.232773,0.175,1213.6
108105.0,SXZ.JG,2008-09-17,2008-10-18,C,1435000.0,0.319293,0.325,1156.39
108105.0,SXZ.JG,2008-09-18,2008-10-18,C,1435000.0,0.267143,0.325,1206.51
108105.0,SXZ.JG,2008-09-19,2008-10-18,C,1435000.0,0.243009,0.725,1255.08
108105.0,SXZ.JG,2008-09-22,2008-10-18,C,1435000.0,0.271563,0.2,1207.09
108105.0,SXZ.JH,2008-09-16,2008-10-18,C,1440000.0,0.237018,0.175,1213.6
108105.0,SXZ.JH,2008-09-17,2008-10-18,C,1440000.0,0.28424,0.1,1156.39
108105.0,SXZ.JH,2008-09-19,2008-10-18,C,1440000.0,0.231424,0.45,1255.08
108105.0,SXZ.JH,2008-09-22,2008-10-18,C,1440000.0,0.316251,0.575,1207.09
108105.0,SXZ.JI,2008-09-16,2008-10-18,C,1445000.0,0.241239,0.175,1213.6
108105.0,SXZ.JI,2008-09-18,2008-10-18,C,1445000.0,0.286133,0.425,1206.51
108105.0,SXZ.JI,2008-09-19,2008-10-18,C,1445000.0,0.250793,0.675,1255.08
108105.0,SXZ.JI,2008-09-22,2008-10-18,C,1445000.0,0.321531,0.575,1207.09
108105.0,SXZ.JJ,2008-09-17,2008-10-18,C,1450000.0,0.292231,0.1,1156.39
108105.0,SXZ.JJ,2008-09-18,2008-10-18,C,1450000.0,0.293055,0.45,1206.51
108105.0,SXZ.JJ,2008-09-19,2008-10-18,C,1450000.0,0.233269,0.35,1255.08
108105.0,SXZ.JJ,2008-09-22,2008-10-18,C,1450000.0,0.305862,0.35,1207.09
108105.0,SXZ.JL,2008-09-19,2008-10-18,C,1460000.0,0.253063,0.475,1255.08
108105.0,SXZ.JO,2008-09-22,2008-10-18,C,1475000.0,0.293738,0.125,1207.09
108105.0,SXZ.JT,2008-09-16,2008-10-18,C,1400000.0,0.226622,0.425,1213.6
108105.0,SXZ.JT,2008-09-17,2008-10-18,C,1400000.0,0.284511,0.3,1156.39
108105.0,SXZ.JT,2008-09-18,2008-10-18,C,1400000.0,0.233858,0.325,1206.51
108105.0,SXZ.JT,2008-09-19,2008-10-18,C,1400000.0,0.221833,1.15,1255.08
108105.0,SXZ.JT,2008-09-22,2008-10-18,C,1400000.0,0.271049,0.55,1207.09
108105.0,SXZ.KA,2008-09-24,2008-11-22,C,1405000.0,0.240701,1.95,1185.87
108105.0,SXZ.KA,2008-09-25,2008-11-22,C,1405000.0,0.229399,2.45,1209.18
108105.0,SXZ.KA,2008-09-26,2008-11-22,C,1405000.0,0.241403,3.25,1213.27
108105.0,SXZ.KA,2008-09-30,2008-11-22,C,1405000.0,0.264941,1.55,1166.36
108105.0,SXZ.KB,2008-09-24,2008-11-22,C,1410000.0,0.242413,1.85,1185.87
108105.0,SXZ.KB,2008-09-25,2008-11-22,C,1410000.0,0.228243,2.175,1209.18
108105.0,SXZ.KB,2008-09-26,2008-11-22,C,1410000.0,0.240867,2.95,1213.27
108105.0,SXZ.KB,2008-09-30,2008-11-22,C,1410000.0,0.264447,1.4,1166.36
108105.0,SXZ.KC,2008-09-24,2008-11-22,C,1415000.0,0.238763,1.55,1185.87
108105.0,SXZ.KC,2008-09-25,2008-11-22,C,1415000.0,0.227075,1.925,1209.18
108105.0,SXZ.KC,2008-09-26,2008-11-22,C,1415000.0,0.239891,2.65,1213.27
108105.0,SXZ.KC,2008-09-30,2008-11-22,C,1415000.0,0.261763,1.2,1166.36
108105.0,SXZ.KD,2008-09-24,2008-11-22,C,1420000.0,0.238456,1.4,1185.87
108105.0,SXZ.KD,2008-09-25,2008-11-22,C,1420000.0,0.225322,1.675,1209.18
108105.0,SXZ.KD,2008-09-26,2008-11-22,C,1420000.0,0.236883,2.275,1213.27
108105.0,SXZ.KD,2008-09-30,2008-11-22,C,1420000.0,0.262053,1.1,1166.36
108105.0,SXZ.KE,2008-09-24,2008-11-22,C,1425000.0,0.238523,1.275,1185.87
108105.0,SXZ.KE,2008-09-25,2008-11-22,C,1425000.0,0.224202,1.475,1209.18
108105.0,SXZ.KE,2008-09-26,2008-11-22,C,1425000.0,0.234086,1.95,1213.27
108105.0,SXZ.KE,2008-09-30,2008-11-22,C,1425000.0,0.259962,0.95,1166.36
108105.0,SXZ.KF,2008-09-24,2008-11-22,C,1430000.0,0.238246,1.15,1185.87
108105.0,SXZ.KF,2008-09-25,2008-11-22,C,1430000.0,0.218687,1.15,1209.18
108105.0,SXZ.KF,2008-09-26,2008-11-22,C,1430000.0,0.235288,1.825,1213.27
108105.0,SXZ.KF,2008-09-30,2008-11-22,C,1430000.0,0.259393,0.85,1166.36
108105.0,SXZ.KG,2008-09-24,2008-11-22,C,1435000.0,0.23936,1.075,1185.87
108105.0,SXZ.KG,2008-09-25,2008-11-22,C,1435000.0,0.222477,1.15,1209.18
108105.0,SXZ.KG,2008-09-26,2008-11-22,C,1435000.0,0.234371,1.625,1213.27
108105.0,SXZ.KG,2008-09-30,2008-11-22,C,1435000.0,0.260799,0.8,1166.36
108105.0,SXZ.KH,2008-09-24,2008-11-22,C,1440000.0,0.236417,0.9,1185.87
108105.0,SXZ.KH,2008-09-25,2008-11-22,C,1440000.0,0.222933,1.05,1209.18
108105.0,SXZ.KH,2008-09-26,2008-11-22,C,1440000.0,0.234322,1.475,1213.27
108105.0,SXZ.KI,2008-09-24,2008-11-22,C,1445000.0,0.237923,0.85,1185.87
108105.0,SXZ.KI,2008-09-25,2008-11-22,C,1445000.0,0.221215,0.9,1209.18
108105.0,SXZ.KI,2008-09-26,2008-11-22,C,1445000.0,0.233151,1.3,1213.27
108105.0,SXZ.KJ,2008-09-24,2008-11-22,C,1450000.0,0.234688,0.7,1185.87
108105.0,SXZ.KJ,2008-09-25,2008-11-22,C,1450000.0,0.220845,0.8,1209.18
108105.0,SXZ.KJ,2008-09-26,2008-11-22,C,1450000.0,0.232224,1.15,1213.27
108105.0,SXZ.KJ,2008-09-29,2008-11-22,C,1450000.0,0.347233,1.225,1106.42
108105.0,SXZ.KJ,2008-09-30,2008-11-22,C,1450000.0,0.2667,0.7,1166.36
108105.0,SXZ.KT,2008-09-24,2008-11-22,C,1400000.0,0.243153,2.25,1185.87
108105.0,SXZ.KT,2008-09-25,2008-11-22,C,1400000.0,0.228729,2.65,1209.18
108105.0,SXZ.KT,2008-09-26,2008-11-22,C,1400000.0,0.243834,3.7,1213.27
108105.0,SXZ.KT,2008-09-29,2008-11-22,C,1400000.0,0.337707,2.075,1106.42
108105.0,SXZ.KT,2008-09-30,2008-11-22,C,1400000.0,0.258542,1.475,1166.36
108105.0,SZP.JA,2008-09-17,2008-10-18,C,1205000.0,0.324245,23.3,1156.39
108105.0,SZP.JB,2008-09-17,2008-10-18,C,1210000.0,0.321883,21.5,1156.39
108105.0,SZP.JB,2008-09-18,2008-10-18,C,1210000.0,0.286285,37.0,1206.51
108105.0,SZP.JB,2008-09-22,2008-10-18,C,1210000.0,0.324552,39.1,1207.09
108105.0,SZP.JC,2008-09-16,2008-10-18,C,1215000.0,0.295746,40.65,1213.6
108105.0,SZP.JC,2008-09-17,2008-10-18,C,1215000.0,0.318735,19.7,1156.39
108105.0,SZP.JC,2008-09-18,2008-10-18,C,1215000.0,0.283395,34.3,1206.51
108105.0,SZP.JC,2008-09-22,2008-10-18,C,1215000.0,0.319887,36.2,1207.09
108105.0,SZP.JD,2008-09-16,2008-10-18,C,1220000.0,0.293212,37.95,1213.6
108105.0,SZP.JD,2008-09-17,2008-10-18,C,1220000.0,0.315639,18.0,1156.39
108105.0,SZP.JD,2008-09-18,2008-10-18,C,1220000.0,0.28273,32.0,1206.51
108105.0,SZP.JD,2008-09-22,2008-10-18,C,1220000.0,0.316841,33.6,1207.09
108105.0,SZP.JE,2008-09-16,2008-10-18,C,1225000.0,0.284915,34.55,1213.6
108105.0,SZP.JE,2008-09-17,2008-10-18,C,1225000.0,0.308905,16.0,1156.39
108105.0,SZP.JE,2008-09-18,2008-10-18,C,1225000.0,0.279761,29.5,1206.51
108105.0,SZP.JE,2008-09-22,2008-10-18,C,1225000.0,0.314186,31.15,1207.09
108105.0,SZP.JF,2008-09-16,2008-10-18,C,1230000.0,0.287835,32.8,1213.6
108105.0,SZP.JF,2008-09-17,2008-10-18,C,1230000.0,0.310595,15.0,1156.39
108105.0,SZP.JF,2008-09-18,2008-10-18,C,1230000.0,0.287448,28.5,1206.51
108105.0,SZP.JF,2008-09-22,2008-10-18,C,1230000.0,0.313982,29.1,1207.09
108105.0,SZP.JG,2008-09-16,2008-10-18,C,1235000.0,0.285331,30.4,1213.6
108105.0,SZP.JG,2008-09-17,2008-10-18,C,1235000.0,0.30578,13.4,1156.39
108105.0,SZP.JG,2008-09-18,2008-10-18,C,1235000.0,0.275169,25.0,1206.51
108105.0,SZP.JG,2008-09-22,2008-10-18,C,1235000.0,0.310046,26.7,1207.09
108105.0,SZP.JH,2008-09-16,2008-10-18,C,1240000.0,0.28171,27.95,1213.6
108105.0,SZP.JH,2008-09-17,2008-10-18,C,1240000.0,0.305558,12.35,1156.39
108105.0,SZP.JH,2008-09-18,2008-10-18,C,1240000.0,0.273171,22.95,1206.51
108105.0,SZP.JH,2008-09-22,2008-10-18,C,1240000.0,0.307733,24.6,1207.09
108105.0,SZP.JI,2008-09-16,2008-10-18,C,1245000.0,0.280289,25.9,1213.6
108105.0,SZP.JI,2008-09-17,2008-10-18,C,1245000.0,0.301412,11.0,1156.39
108105.0,SZP.JI,2008-09-18,2008-10-18,C,1245000.0,0.26951,20.8,1206.51
108105.0,SZP.JI,2008-09-22,2008-10-18,C,1245000.0,0.305392,22.6,1207.09
108105.0,SZP.JJ,2008-09-16,2008-10-18,C,1250000.0,0.272788,23.15,1213.6
108105.0,SZP.JJ,2008-09-17,2008-10-18,C,1250000.0,0.302362,10.2,1156.39
108105.0,SZP.JJ,2008-09-18,2008-10-18,C,1250000.0,0.265716,18.75,1206.51
108105.0,SZP.JJ,2008-09-22,2008-10-18,C,1250000.0,0.300825,20.45,1207.09
108105.0,SZP.JK,2008-09-16,2008-10-18,C,1255000.0,0.274384,21.7,1213.6
108105.0,SZP.JK,2008-09-17,2008-10-18,C,1255000.0,0.296837,8.9,1156.39
108105.0,SZP.JK,2008-09-18,2008-10-18,C,1255000.0,0.26431,17.1,1206.51
108105.0,SZP.JK,2008-09-22,2008-10-18,C,1255000.0,0.299728,18.8,1207.09
108105.0,SZP.JL,2008-09-16,2008-10-18,C,1260000.0,0.272551,19.9,1213.6
108105.0,SZP.JL,2008-09-17,2008-10-18,C,1260000.0,0.292493,7.8,1156.39
108105.0,SZP.JL,2008-09-18,2008-10-18,C,1260000.0,0.261582,15.4,1206.51
108105.0,SZP.JL,2008-09-19,2008-10-18,C,1260000.0,0.264482,34.15,1255.08
108105.0,SZP.JL,2008-09-22,2008-10-18,C,1260000.0,0.297286,17.1,1207.09
108105.0,SZP.JM,2008-09-16,2008-10-18,C,1265000.0,0.269505,18.05,1213.6
108105.0,SZP.JM,2008-09-17,2008-10-18,C,1265000.0,0.290922,7.0,1156.39
108105.0,SZP.JM,2008-09-18,2008-10-18,C,1265000.0,0.25967,13.9,1206.51
108105.0,SZP.JM,2008-09-19,2008-10-18,C,1265000.0,0.270631,32.7,1255.08
108105.0,SZP.JM,2008-09-22,2008-10-18,C,1265000.0,0.295781,15.6,1207.09
108105.0,SZP.JN,2008-09-16,2008-10-18,C,1270000.0,0.267242,16.4,1213.6
108105.0,SZP.JN,2008-09-17,2008-10-18,C,1270000.0,0.291961,6.45,1156.39
108105.0,SZP.JN,2008-09-18,2008-10-18,C,1270000.0,0.257275,12.45,1206.51
108105.0,SZP.JN,2008-09-19,2008-10-18,C,1270000.0,0.260489,29.15,1255.08
108105.0,SZP.JN,2008-09-22,2008-10-18,C,1270000.0,0.292363,14.0,1207.09
108105.0,SZP.JO,2008-09-16,2008-10-18,C,1275000.0,0.264977,14.85,1213.6
108105.0,SZP.JO,2008-09-17,2008-10-18,C,1275000.0,0.291672,5.85,1156.39
108105.0,SZP.JO,2008-09-18,2008-10-18,C,1275000.0,0.254845,11.1,1206.51
108105.0,SZP.JO,2008-09-19,2008-10-18,C,1275000.0,0.259108,26.9,1255.08
108105.0,SZP.JO,2008-09-22,2008-10-18,C,1275000.0,0.289396,12.55,1207.09
108105.0,SZP.JP,2008-09-16,2008-10-18,C,1280000.0,0.262725,13.4,1213.6
108105.0,SZP.JP,2008-09-17,2008-10-18,C,1280000.0,0.285103,4.9,1156.39
108105.0,SZP.JP,2008-09-18,2008-10-18,C,1280000.0,0.251883,9.8,1206.51
108105.0,SZP.JP,2008-09-19,2008-10-18,C,1280000.0,0.263306,25.5,1255.08
108105.0,SZP.JP,2008-09-22,2008-10-18,C,1280000.0,0.288561,11.4,1207.09
108105.0,SZP.JQ,2008-09-16,2008-10-18,C,1285000.0,0.260501,12.05,1213.6
108105.0,SZP.JQ,2008-09-17,2008-10-18,C,1285000.0,0.282834,4.3,1156.39
108105.0,SZP.JQ,2008-09-18,2008-10-18,C,1285000.0,0.249964,8.7,1206.51
108105.0,SZP.JQ,2008-09-19,2008-10-18,C,1285000.0,0.260692,23.3,1255.08
108105.0,SZP.JQ,2008-09-22,2008-10-18,C,1285000.0,0.286815,10.25,1207.09
108105.0,SZP.JR,2008-09-16,2008-10-18,C,1290000.0,0.257841,10.75,1213.6
108105.0,SZP.JR,2008-09-17,2008-10-18,C,1290000.0,0.281367,3.8,1156.39
108105.0,SZP.JR,2008-09-18,2008-10-18,C,1290000.0,0.246999,7.6,1206.51
108105.0,SZP.JR,2008-09-19,2008-10-18,C,1290000.0,0.258752,21.3,1255.08
108105.0,SZP.JR,2008-09-22,2008-10-18,C,1290000.0,0.284651,9.15,1207.09
108105.0,SZP.JS,2008-09-16,2008-10-18,C,1295000.0,0.256757,9.7,1213.6
108105.0,SZP.JS,2008-09-17,2008-10-18,C,1295000.0,0.292456,4.0,1156.39
108105.0,SZP.JS,2008-09-18,2008-10-18,C,1295000.0,0.245287,6.7,1206.51
108105.0,SZP.JS,2008-09-19,2008-10-18,C,1295000.0,0.256731,19.4,1255.08
108105.0,SZP.JS,2008-09-22,2008-10-18,C,1295000.0,0.282658,8.15,1207.09
108105.0,SZP.JT,2008-09-17,2008-10-18,C,1200000.0,0.320949,24.5,1156.39
108105.0,SZP.KA,2008-09-24,2008-11-22,C,1205000.0,0.308957,50.3,1185.87
108105.0,SZP.KA,2008-09-29,2008-11-22,C,1205000.0,0.41473,33.7,1106.42
108105.0,SZP.KA,2008-09-30,2008-11-22,C,1205000.0,0.335313,42.7,1166.36
108105.0,SZP.KB,2008-09-24,2008-11-22,C,1210000.0,0.306884,47.8,1185.87
108105.0,SZP.KB,2008-09-25,2008-11-22,C,1210000.0,0.299249,57.4,1209.18
108105.0,SZP.KB,2008-09-29,2008-11-22,C,1210000.0,0.410817,31.8,1106.42
108105.0,SZP.KB,2008-09-30,2008-11-22,C,1210000.0,0.332695,40.4,1166.36
108105.0,SZP.KC,2008-09-24,2008-11-22,C,1215000.0,0.304441,45.3,1185.87
108105.0,SZP.KC,2008-09-25,2008-11-22,C,1215000.0,0.296941,54.6,1209.18
108105.0,SZP.KC,2008-09-26,2008-11-22,C,1215000.0,0.307021,58.0,1213.27
108105.0,SZP.KC,2008-09-29,2008-11-22,C,1215000.0,0.40787,30.1,1106.42
108105.0,SZP.KC,2008-09-30,2008-11-22,C,1215000.0,0.330263,38.2,1166.36
108105.0,SZP.KD,2008-09-24,2008-11-22,C,1220000.0,0.302163,42.9,1185.87
108105.0,SZP.KD,2008-09-25,2008-11-22,C,1220000.0,0.2948,51.9,1209.18
108105.0,SZP.KD,2008-09-26,2008-11-22,C,1220000.0,0.305146,55.3,1213.27
108105.0,SZP.KD,2008-09-29,2008-11-22,C,1220000.0,0.405238,28.5,1106.42
108105.0,SZP.KD,2008-09-30,2008-11-22,C,1220000.0,0.32862,36.2,1166.36
108105.0,SZP.KE,2008-09-24,2008-11-22,C,1225000.0,0.300048,40.6,1185.87
108105.0,SZP.KE,2008-09-25,2008-11-22,C,1225000.0,0.292287,49.2,1209.18
108105.0,SZP.KE,2008-09-26,2008-11-22,C,1225000.0,0.302376,52.5,1213.27
108105.0,SZP.KE,2008-09-29,2008-11-22,C,1225000.0,0.402224,26.9,1106.42
108105.0,SZP.KE,2008-09-30,2008-11-22,C,1225000.0,0.325967,34.1,1166.36
108105.0,SZP.KF,2008-09-24,2008-11-22,C,1230000.0,0.297545,38.3,1185.87
108105.0,SZP.KF,2008-09-25,2008-11-22,C,1230000.0,0.289928,46.6,1209.18
108105.0,SZP.KF,2008-09-26,2008-11-22,C,1230000.0,0.300309,49.9,1213.27
108105.0,SZP.KF,2008-09-29,2008-11-22,C,1230000.0,0.400989,25.6,1106.42
108105.0,SZP.KF,2008-09-30,2008-11-22,C,1230000.0,0.320414,31.6,1166.36
108105.0,SZP.KG,2008-09-24,2008-11-22,C,1235000.0,0.295754,36.2,1185.87
108105.0,SZP.KG,2008-09-25,2008-11-22,C,1235000.0,0.288253,44.2,1209.18
108105.0,SZP.KG,2008-09-26,2008-11-22,C,1235000.0,0.298405,47.4,1213.27
108105.0,SZP.KG,2008-09-29,2008-11-22,C,1235000.0,0.397935,24.1,1106.42
108105.0,SZP.KG,2008-09-30,2008-11-22,C,1235000.0,0.321217,30.2,1166.36
108105.0,SZP.KH,2008-09-24,2008-11-22,C,1240000.0,0.29357,34.1,1185.87
108105.0,SZP.KH,2008-09-25,2008-11-22,C,1240000.0,0.285655,41.7,1209.18
108105.0,SZP.KH,2008-09-26,2008-11-22,C,1240000.0,0.296126,44.9,1213.27
108105.0,SZP.KH,2008-09-29,2008-11-22,C,1240000.0,0.395222,22.7,1106.42
108105.0,SZP.KH,2008-09-30,2008-11-22,C,1240000.0,0.319136,28.4,1166.36
108105.0,SZP.KI,2008-09-24,2008-11-22,C,1245000.0,0.290979,32.0,1185.87
108105.0,SZP.KI,2008-09-25,2008-11-22,C,1245000.0,0.283736,39.4,1209.18
108105.0,SZP.KI,2008-09-26,2008-11-22,C,1245000.0,0.294002,42.5,1213.27
108105.0,SZP.KI,2008-09-29,2008-11-22,C,1245000.0,0.392877,21.4,1106.42
108105.0,SZP.KI,2008-09-30,2008-11-22,C,1245000.0,0.317263,26.7,1166.36
108105.0,SZP.KJ,2008-09-24,2008-11-22,C,1250000.0,0.290269,30.3,1185.87
108105.0,SZP.KJ,2008-09-25,2008-11-22,C,1250000.0,0.28305,37.4,1209.18
108105.0,SZP.KJ,2008-09-26,2008-11-22,C,1250000.0,0.292032,40.2,1213.27
108105.0,SZP.KJ,2008-09-29,2008-11-22,C,1250000.0,0.397237,21.0,1106.42
108105.0,SZP.KJ,2008-09-30,2008-11-22,C,1250000.0,0.314955,25.0,1166.36
108105.0,SZP.KK,2008-09-24,2008-11-22,C,1255000.0,0.286838,28.2,1185.87
108105.0,SZP.KK,2008-09-25,2008-11-22,C,1255000.0,0.280882,35.2,1209.18
108105.0,SZP.KK,2008-09-26,2008-11-22,C,1255000.0,0.289669,37.9,1213.27
108105.0,SZP.KK,2008-09-29,2008-11-22,C,1255000.0,0.387786,18.9,1106.42
108105.0,SZP.KK,2008-09-30,2008-11-22,C,1255000.0,0.31286,23.4,1166.36
108105.0,SZP.KL,2008-09-24,2008-11-22,C,1260000.0,0.284725,26.4,1185.87
108105.0,SZP.KL,2008-09-25,2008-11-22,C,1260000.0,0.278855,33.1,1209.18
108105.0,SZP.KL,2008-09-26,2008-11-22,C,1260000.0,0.288005,35.8,1213.27
108105.0,SZP.KL,2008-09-29,2008-11-22,C,1260000.0,0.38503,17.7,1106.42
108105.0,SZP.KL,2008-09-30,2008-11-22,C,1260000.0,0.310309,21.8,1166.36
108105.0,SZP.KM,2008-09-24,2008-11-22,C,1265000.0,0.282785,24.7,1185.87
108105.0,SZP.KM,2008-09-25,2008-11-22,C,1265000.0,0.275283,30.8,1209.18
108105.0,SZP.KM,2008-09-26,2008-11-22,C,1265000.0,0.285942,33.7,1213.27
108105.0,SZP.KM,2008-09-29,2008-11-22,C,1265000.0,0.382697,16.6,1106.42
108105.0,SZP.KM,2008-09-30,2008-11-22,C,1265000.0,0.307974,20.3,1166.36
108105.0,SZP.KN,2008-09-24,2008-11-22,C,1270000.0,0.281031,23.1,1185.87
108105.0,SZP.KN,2008-09-25,2008-11-22,C,1270000.0,0.274665,29.1,1209.18
108105.0,SZP.KN,2008-09-26,2008-11-22,C,1270000.0,0.284031,31.7,1213.27
108105.0,SZP.KN,2008-09-29,2008-11-22,C,1270000.0,0.371903,14.6,1106.42
108105.0,SZP.KN,2008-09-30,2008-11-22,C,1270000.0,0.305876,18.9,1166.36
108105.0,SZP.KO,2008-09-24,2008-11-22,C,1275000.0,0.278842,21.5,1185.87
108105.0,SZP.KO,2008-09-25,2008-11-22,C,1275000.0,0.272496,27.2,1209.18
108105.0,SZP.KO,2008-09-26,2008-11-22,C,1275000.0,0.281704,29.7,1213.27
108105.0,SZP.KO,2008-09-29,2008-11-22,C,1275000.0,0.374912,14.2,1106.42
108105.0,SZP.KO,2008-09-30,2008-11-22,C,1275000.0,0.304041,17.6,1166.36
108105.0,SZP.KP,2008-09-24,2008-11-22,C,1280000.0,0.274563,19.65,1185.87
108105.0,SZP.KP,2008-09-25,2008-11-22,C,1280000.0,0.270472,25.4,1209.18
108105.0,SZP.KP,2008-09-26,2008-11-22,C,1280000.0,0.280107,27.9,1213.27
108105.0,SZP.KP,2008-09-29,2008-11-22,C,1280000.0,0.367802,12.75,1106.42
108105.0,SZP.KP,2008-09-30,2008-11-22,C,1280000.0,0.301734,16.3,1166.36
108105.0,SZP.KQ,2008-09-24,2008-11-22,C,1285000.0,0.272711,18.25,1185.87
108105.0,SZP.KQ,2008-09-25,2008-11-22,C,1285000.0,0.2686,23.7,1209.18
108105.0,SZP.KQ,2008-09-26,2008-11-22,C,1285000.0,0.278091,26.1,1213.27
108105.0,SZP.KQ,2008-09-29,2008-11-22,C,1285000.0,0.372738,12.6,1106.42
108105.0,SZP.KQ,2008-09-30,2008-11-22,C,1285000.0,0.299707,15.1,1166.36
108105.0,SZP.KR,2008-09-24,2008-11-22,C,1290000.0,0.272805,17.2,1185.87
108105.0,SZP.KR,2008-09-25,2008-11-22,C,1290000.0,0.266278,22.0,1209.18
108105.0,SZP.KR,2008-09-26,2008-11-22,C,1290000.0,0.27624,24.4,1213.27
108105.0,SZP.KR,2008-09-29,2008-11-22,C,1290000.0,0.3701,11.7,1106.42
108105.0,SZP.KR,2008-09-30,2008-11-22,C,1290000.0,0.300431,14.3,1166.36
108105.0,SZP.KS,2008-09-24,2008-11-22,C,1295000.0,0.268645,15.6,1185.87
108105.0,SZP.KS,2008-09-25,2008-11-22,C,1295000.0,0.264107,20.4,1209.18
108105.0,SZP.KS,2008-09-26,2008-11-22,C,1295000.0,0.274565,22.8,1213.27
108105.0,SZP.KS,2008-09-29,2008-11-22,C,1295000.0,0.368037,10.9,1106.42
108105.0,SZP.KS,2008-09-30,2008-11-22,C,1295000.0,0.298324,13.2,1166.36
108105.0,SZP.KT,2008-09-24,2008-11-22,C,1200000.0,0.311204,52.9,1185.87
108105.0,SZP.KT,2008-09-29,2008-11-22,C,1200000.0,0.414294,35.0,1106.42
108105.0,SZP.KT,2008-09-30,2008-11-22,C,1200000.0,0.337533,45.0,1166.36
108105.0,SZP.VA,2008-09-16,2008-10-18,P,1205000.0,0.293416,36.0,1213.6
108105.0,SZP.VA,2008-09-18,2008-10-18,P,1205000.0,0.329869,42.5,1206.51
108105.0,SZP.VA,2008-09-19,2008-10-18,P,1205000.0,0.337232,23.9,1255.08
108105.0,SZP.VA,2008-09-22,2008-10-18,P,1205000.0,0.336512,39.9,1207.09
108105.0,SZP.VB,2008-09-16,2008-10-18,P,1210000.0,0.291647,38.2,1213.6
108105.0,SZP.VB,2008-09-19,2008-10-18,P,1210000.0,0.334411,25.3,1255.08
108105.0,SZP.VC,2008-09-19,2008-10-18,P,1215000.0,0.331825,26.8,1255.08
108105.0,SZP.VD,2008-09-19,2008-10-18,P,1220000.0,0.328655,28.3,1255.08
108105.0,SZP.VE,2008-09-19,2008-10-18,P,1225000.0,0.327236,30.1,1255.08
108105.0,SZP.VF,2008-09-19,2008-10-18,P,1230000.0,0.323648,31.7,1255.08
108105.0,SZP.VG,2008-09-19,2008-10-18,P,1235000.0,0.322874,33.75,1255.08
108105.0,SZP.VH,2008-09-19,2008-10-18,P,1240000.0,0.324434,36.2,1255.08
108105.0,SZP.VI,2008-09-19,2008-10-18,P,1245000.0,0.316002,37.4,1255.08
108105.0,SZP.VJ,2008-09-19,2008-10-18,P,1250000.0,0.314389,39.6,1255.08
108105.0,SZP.VK,2008-09-19,2008-10-18,P,1255000.0,0.313948,42.05,1255.08
108105.0,SZP.VT,2008-09-16,2008-10-18,P,1200000.0,0.295957,34.0,1213.6
108105.0,SZP.VT,2008-09-18,2008-10-18,P,1200000.0,0.326768,39.6,1206.51
108105.0,SZP.VT,2008-09-19,2008-10-18,P,1200000.0,0.343301,22.95,1255.08
108105.0,SZP.VT,2008-09-22,2008-10-18,P,1200000.0,0.34201,38.1,1207.09
108105.0,SZP.WA,2008-09-25,2008-11-22,P,1205000.0,0.290097,50.9,1209.18
108105.0,SZP.WA,2008-09-26,2008-11-22,P,1205000.0,0.306863,51.8,1213.27
108105.0,SZP.WB,2008-09-26,2008-11-22,P,1210000.0,0.303721,53.7,1213.27
108105.0,SZP.WT,2008-09-25,2008-11-22,P,1200000.0,0.292548,48.9,1209.18
108105.0,SZP.WT,2008-09-26,2008-11-22,P,1200000.0,0.308576,49.7,1213.27
